Endgame,White,Parameter,Move,Evaluation_Function,Evaluation_Number,Time
0,True,5,1,50,37915,2.9169
0,True,5,2,20,39549,2.55462
0,True,5,3,220,28985,2.34607
0,True,5,4,230,56409,3.41998
0,True,5,5,1120,57726,2.30498
0,True,5,6,1130,140014,12.2324
0,True,5,7,1130,196447,7.86752
0,True,5,8,1130,174496,6.74254
0,True,5,9,1130,179559,6.56796
0,True,5,10,1130,179902,7.04106
0,True,5,11,1130,177748,6.78678
0,True,5,12,1130,179507,7.05198
0,True,5,13,1130,156356,6.30596
0,True,5,14,1130,179507,7.32537
0,True,5,15,1130,156356,6.59464
0,True,5,16,1130,179507,7.70249
0,True,5,17,1130,156356,6.84333
0,True,5,18,1130,179507,8.17276
0,True,5,19,1130,156356,7.20579
0,True,5,20,1130,179507,8.3699
0,True,5,21,1130,156356,7.39811
0,True,5,22,1130,179507,8.62749
0,True,5,23,1130,156356,7.73556
0,True,5,24,1130,179507,9.03057
0,True,5,25,1130,156356,7.98788
0,True,5,26,1130,179507,9.31083
0,True,5,27,1130,156356,8.40172
0,True,5,28,1130,179507,9.76113
0,True,5,29,1130,156356,8.62498
0,True,5,30,1130,6707,0.501655
0,True,5,31,1130,62,0.0047609
1,True,5,1,20,2208,0.128507
1,True,5,2,20,2732,0.146151
1,True,5,3,30,1552,0.11098
1,True,5,4,30,1471,0.09288
1,True,5,5,20,2462,0.162616
1,True,5,6,30,982,0.0709297
1,True,5,7,30,2018,0.146213
1,True,5,8,40,1748,0.115427
1,True,5,9,30,2493,0.189584
1,True,5,10,40,1464,0.0922815
1,True,5,11,40,788,0.0591109
1,True,5,12,40,1204,0.0805805
1,True,5,13,40,852,0.0659646
1,True,5,14,40,1149,0.098285
1,True,5,15,40,852,0.11831
1,True,5,16,50,4450,0.632006
1,True,5,17,60,3241,0.26041
1,True,5,18,70,5862,0.801546
1,True,5,19,140,6222,0.762711
1,True,5,20,150,5442,0.490393
1,True,5,21,150,5747,0.396293
1,True,5,22,150,4418,0.382651
1,True,5,23,150,5493,0.436434
1,True,5,24,150,8337,0.857867
1,True,5,25,150,5842,0.452859
1,True,5,26,150,8499,1.33293
1,True,5,27,150,5842,0.448934
1,True,5,28,150,8337,0.593298
1,True,5,29,150,5842,0.386263
1,True,5,30,150,8489,0.551581
1,True,5,31,150,5842,0.435196
1,True,5,32,150,8407,0.627906
1,True,5,33,150,6228,0.44958
1,True,5,34,150,8407,0.569991
1,True,5,35,150,6228,0.462117
1,True,5,36,150,8364,0.631051
1,True,5,37,150,6228,0.452529
1,True,5,38,150,8364,0.626992
1,True,5,39,150,6228,0.547688
1,True,5,40,150,8364,0.657719
1,True,5,41,150,6054,0.488986
1,True,5,42,150,19616,1.89172
1,True,5,43,230,55301,4.85888
1,True,5,44,230,48453,3.83642
1,True,5,45,230,41411,4.84612
1,True,5,46,230,47361,4.48184
1,True,5,47,230,37438,2.96458
1,True,5,48,230,48453,3.63723
1,True,5,49,230,38920,3.05992
1,True,5,50,230,48453,3.68227
1,True,5,51,230,38920,3.17691
1,True,5,52,230,48453,3.7876
1,True,5,53,230,41411,3.337
1,True,5,54,230,52148,4.12501
1,True,5,55,230,38617,3.15308
1,True,5,56,230,46462,3.82642
1,True,5,57,230,39799,3.35027
1,True,5,58,230,52148,4.34632
1,True,5,59,230,36797,3.13923
1,True,5,60,230,52148,4.57932
1,True,5,61,230,38617,3.4086
1,True,5,62,230,52148,5.04912
1,True,5,63,230,41411,4.05483
1,True,5,64,230,45707,4.2553
1,True,5,65,230,41411,4.37285
1,True,5,66,230,48453,4.824
1,True,5,67,230,8002,0.884142
1,True,5,68,230,4227,0.399239
1,True,5,69,230,39514,3.917
1,True,5,70,230,30509,2.99209
1,True,5,71,230,39514,4.2782
1,True,5,72,230,32310,3.39378
1,True,5,73,230,39919,4.39051
1,True,5,74,230,32310,3.40203
1,True,5,75,230,39514,4.04746
1,True,5,76,230,31378,3.31865
1,True,5,77,230,39514,4.08462
1,True,5,78,230,31378,3.40577
1,True,5,79,230,39514,4.15136
1,True,5,80,230,31378,3.41557
1,True,5,81,230,39514,4.32824
1,True,5,82,230,30509,3.33699
1,True,5,83,230,40249,4.35143
1,True,5,84,230,31213,3.55122
1,True,5,85,230,40249,4.50648
1,True,5,86,230,31378,3.56021
1,True,5,87,230,40249,4.55881
1,True,5,88,230,31213,3.67199
1,True,5,89,230,40249,4.65085
1,True,5,90,230,31213,3.77113
1,True,5,91,230,40249,4.7477
1,True,5,92,230,6207,0.819465
1,True,5,93,230,4653,0.573472
1,True,5,94,230,42620,5.10748
1,True,5,95,1050,30505,3.73981
1,True,5,96,1050,34722,4.3815
2,True,5,1,90,8186,0.525078
2,True,5,2,100,8719,0.407047
2,True,5,3,130,21257,0.783294
2,True,5,4,140,80539,2.73806
2,True,5,5,140,13791,0.608738
2,True,5,6,150,10871,0.617476
2,True,5,7,150,10401,0.578137
2,True,5,8,150,15692,0.6612
2,True,5,9,160,15974,0.787751
2,True,5,10,160,9206,0.486301
2,True,5,11,160,10716,0.658323
2,True,5,12,160,14584,0.761155
2,True,5,13,160,6175,0.551642
2,True,5,14,160,8081,0.490961
2,True,5,15,160,9605,0.448947
2,True,5,16,1060,50804,2.22256
2,True,5,17,1060,63572,2.76139
2,True,5,18,1060,62899,2.77731
2,True,5,19,1060,63572,2.8625
2,True,5,20,1060,62210,3.11717
2,True,5,21,1060,63572,2.94817
2,True,5,22,1060,62210,3.01659
2,True,5,23,1060,63572,3.15403
2,True,5,24,1060,62899,3.12295
2,True,5,25,1060,63572,3.23257
2,True,5,26,1060,62210,3.14544
2,True,5,27,1060,63572,3.3197
2,True,5,28,1060,62210,3.32587
2,True,5,29,1060,63572,3.745
2,True,5,30,1060,62899,3.54262
2,True,5,31,1060,63572,4.15419
2,True,5,32,1060,62210,4.18309
2,True,5,33,1060,63572,5.2451
2,True,5,34,1060,62899,4.40259
2,True,5,35,1060,63572,4.56653
2,True,5,36,1060,62899,4.66772
2,True,5,37,1060,63572,4.87095
2,True,5,38,1060,62210,4.26922
2,True,5,39,1060,8893,0.603602
2,True,5,40,1060,3447,0.237712
2,True,5,41,1060,62851,4.1429
2,True,5,42,1060,78119,5.25081
2,True,5,43,1060,65197,4.37282
2,True,5,44,1060,62640,4.35012
2,True,5,45,1060,67603,5.14145
2,True,5,46,1060,74013,5.97602
2,True,5,47,1060,62243,5.3807
2,True,5,48,1060,74013,6.90466
2,True,5,49,1060,62243,5.52592
2,True,5,50,1060,74013,7.34355
2,True,5,51,1060,62243,6.46866
2,True,5,52,1060,74013,6.61517
2,True,5,53,1060,62243,5.34911
2,True,5,54,1060,76335,6.86471
2,True,5,55,1060,68761,5.92083
2,True,5,56,1060,64911,7.57179
2,True,5,57,1060,73519,7.22524
2,True,5,58,1060,72118,7.88253
2,True,5,59,1060,64630,5.92906
2,True,5,60,1140,72568,8.66258
2,True,5,61,1140,164468,15.0227
2,True,5,62,1140,148383,14.2756
2,True,5,63,1140,148066,14.6056
2,True,5,64,1220,121457,11.1783
2,True,5,65,1220,229198,19.358
2,True,5,66,1220,221914,20.1161
2,True,5,67,1220,229198,23.1906
2,True,5,68,1220,221914,19.5602
2,True,5,69,1220,229198,20.7839
2,True,5,70,1220,221914,24.6002
2,True,5,71,1220,229198,21.9075
2,True,5,72,1220,255280,22.5979
2,True,5,73,1220,218809,19.7371
2,True,5,74,1220,255280,24.0598
2,True,5,75,1220,218809,21.0714
2,True,5,76,1220,255280,26.5447
2,True,5,77,1220,218809,22.078
2,True,5,78,1220,255280,25.6838
2,True,5,79,1220,218809,22.4941
3,True,5,1,40,60301,2.51824
3,True,5,2,930,45914,1.68531
4,True,5,1,50,6982,0.348629
4,True,5,2,50,10983,0.516435
4,True,5,3,50,7686,0.347453
4,True,5,4,50,9958,0.465145
4,True,5,5,60,6883,0.308827
4,True,5,6,70,8986,0.378189
4,True,5,7,70,11700,0.47054
4,True,5,8,70,16415,0.747149
4,True,5,9,70,13083,0.534654
4,True,5,10,70,12498,0.545945
4,True,5,11,70,12639,0.567257
4,True,5,12,70,12498,0.549392
4,True,5,13,70,13083,0.588088
4,True,5,14,70,12498,0.588812
4,True,5,15,70,12639,0.615266
4,True,5,16,70,12145,0.611339
4,True,5,17,70,12639,0.624565
4,True,5,18,70,12145,0.592678
4,True,5,19,70,13026,0.688036
4,True,5,20,70,12006,0.662009
4,True,5,21,70,12767,0.706599
4,True,5,22,70,12551,0.724871
4,True,5,23,70,13026,0.76362
4,True,5,24,70,12696,0.758802
4,True,5,25,70,13732,0.816276
4,True,5,26,70,10889,0.736812
4,True,5,27,70,13128,0.913578
4,True,5,28,70,9847,0.706977
4,True,5,29,70,11786,0.789485
4,True,5,30,70,12170,0.807264
4,True,5,31,70,11241,1.0905
4,True,5,32,70,11428,1.08196
4,True,5,33,70,11228,1.09638
4,True,5,34,70,12172,1.09082
4,True,5,35,70,11388,1.19563
4,True,5,36,70,12016,0.890614
4,True,5,37,70,11373,0.842548
4,True,5,38,70,12112,0.915265
4,True,5,39,70,10670,0.844328
4,True,5,40,70,11994,0.935566
4,True,5,41,70,10670,0.878512
4,True,5,42,70,11825,1.27562
4,True,5,43,70,10996,0.925847
4,True,5,44,70,12090,1.06231
4,True,5,45,70,11046,0.988144
4,True,5,46,70,11775,1.03983
4,True,5,47,70,10092,0.95277
4,True,5,48,70,11428,1.05732
4,True,5,49,70,10996,1.04835
4,True,5,50,70,11825,1.10654
4,True,5,51,70,10996,1.10193
4,True,5,52,70,2799,0.292368
4,True,5,53,70,1194,0.179354
4,True,5,54,70,11372,1.09507
4,True,5,55,70,12133,1.18272
4,True,5,56,70,11231,1.31624
4,True,5,57,70,11411,1.27553
4,True,5,58,70,9543,1.55441
4,True,5,59,70,11411,1.32979
4,True,5,60,70,10825,1.85224
4,True,5,61,70,11521,1.83611
4,True,5,62,70,11270,1.98106
4,True,5,63,70,12002,1.47151
4,True,5,64,70,10825,1.23809
4,True,5,65,70,12046,1.3171
4,True,5,66,70,10779,1.19585
4,True,5,67,70,10991,1.29017
4,True,5,68,70,10825,1.24795
4,True,5,69,70,11411,1.34831
4,True,5,70,70,10248,1.2162
4,True,5,71,70,11521,1.34503
4,True,5,72,70,11270,1.35136
4,True,5,73,70,11411,1.39467
4,True,5,74,70,11270,1.3862
4,True,5,75,70,12133,1.49886
4,True,5,76,70,11270,1.41205
4,True,5,77,70,2426,0.350883
4,True,5,78,70,1174,0.156638
4,True,5,79,70,12984,1.64543
4,True,5,80,70,8883,1.18325
4,True,5,81,70,6632,0.900979
4,True,5,82,70,8883,1.20505
4,True,5,83,70,6014,0.843138
4,True,5,84,70,8883,1.43
4,True,5,85,70,6654,0.96587
4,True,5,86,70,9037,2.50297
4,True,5,87,70,6615,1.02792
4,True,5,88,70,9037,1.2545
4,True,5,89,70,6469,1.22114
4,True,5,90,70,9084,1.4401
4,True,5,91,70,6574,1.13748
4,True,5,92,70,8906,1.48752
4,True,5,93,70,6310,0.919361
4,True,5,94,70,7803,1.09875
4,True,5,95,70,5259,0.885727
4,True,5,96,70,7803,1.13267
4,True,5,97,70,6310,0.944859
4,True,5,98,70,9130,1.45443
4,True,5,99,70,6310,0.976691
4,True,5,100,70,9130,1.56422
4,True,5,101,70,6656,1.25283
4,True,5,102,70,1955,0.363956
4,True,5,103,70,604,0.131752
4,True,5,104,150,7739,2.34636
4,True,5,105,150,10143,2.57367
4,True,5,106,150,9485,1.68122
4,True,5,107,150,10143,1.93567
4,True,5,108,150,11266,2.99631
4,True,5,109,150,9351,3.09166
4,True,5,110,150,10748,2.53209
4,True,5,111,150,10122,2.51261
4,True,5,112,150,11448,2.37799
4,True,5,113,150,19680,3.73874
4,True,5,114,150,9379,1.86001
4,True,5,115,150,12737,2.91351
4,True,5,116,150,11016,2.29247
4,True,5,117,150,10815,2.02071
4,True,5,118,150,11016,1.98634
4,True,5,119,150,16298,3.11975
4,True,5,120,150,12124,3.193
4,True,5,121,150,7551,2.21901
4,True,5,122,150,11399,2.95614
4,True,5,123,150,8228,2.47129
4,True,5,124,150,7824,1.64042
4,True,5,125,150,8228,1.92696
4,True,5,126,150,7357,2.19387
4,True,5,127,150,8228,2.07578
4,True,5,128,150,2407,0.544622
4,True,5,129,150,3953,1.2441
4,True,5,130,150,9891,3.27728
4,True,5,131,150,7870,2.73218
4,True,5,132,150,9891,2.94606
4,True,5,133,150,5443,2.04185
4,True,5,134,150,9891,1.9807
4,True,5,135,150,7943,1.60817
4,True,5,136,150,30775,5.85719
4,True,5,137,150,13558,3.2356
4,True,5,138,150,9239,2.11462
4,True,5,139,150,11211,2.46733
4,True,5,140,150,10837,3.68882
4,True,5,141,150,12116,4.44505
4,True,5,142,150,9252,3.28737
4,True,5,143,150,12116,4.75919
4,True,5,144,150,9239,3.49644
4,True,5,145,150,10369,3.60161
4,True,5,146,150,9239,2.87687
4,True,5,147,150,10369,3.58208
4,True,5,148,150,9239,2.53705
4,True,5,149,150,12450,4.50203
4,True,5,150,150,9189,2.43405
4,True,5,151,150,12450,3.93614
4,True,5,152,150,8115,2.35141
4,True,5,153,150,3209,0.941694
4,True,5,154,150,2676,0.82897
4,True,5,155,150,8165,2.63693
4,True,5,156,150,12432,4.8344
4,True,5,157,150,9201,2.79231
4,True,5,158,150,11530,3.77785
4,True,5,159,150,8522,3.35437
4,True,5,160,150,10695,3.59809
4,True,5,161,150,8522,3.8214
4,True,5,162,150,9099,3.44099
4,True,5,163,150,8522,2.17395
4,True,5,164,150,9099,2.64873
4,True,5,165,150,7066,2.39401
4,True,5,166,150,8337,2.34573
4,True,5,167,150,8522,2.06989
4,True,5,168,150,9099,2.17363
4,True,5,169,150,10073,2.57794
4,True,5,170,150,10695,2.8828
4,True,5,171,150,8522,2.28547
4,True,5,172,150,11530,2.8878
4,True,5,173,150,8521,2.1658
4,True,5,174,150,9838,2.70844
4,True,5,175,150,7177,1.80871
4,True,5,176,150,8990,2.25337
4,True,5,177,150,9657,2.42589
4,True,5,178,150,2154,0.541674
4,True,5,179,150,1682,0.521009
4,True,5,180,230,12305,3.72026
4,True,5,181,230,13635,3.6195
4,True,5,182,230,13557,3.78381
4,True,5,183,230,14075,3.62701
4,True,5,184,1130,12367,3.14789
4,True,5,185,1130,46732,10.3466
4,True,5,186,1130,55389,13.3788
4,True,5,187,1130,44934,11.4224
4,True,5,188,1130,55389,14.5005
4,True,5,189,1130,44934,14.0047
4,True,5,190,1130,55389,13.7668
4,True,5,191,1130,44934,15.2918
4,True,5,192,1130,55389,12.7459
4,True,5,193,1130,44934,10.4492
4,True,5,194,1130,55389,12.4327
4,True,5,195,1130,44934,10.2348
4,True,5,196,1130,55389,12.7659
4,True,5,197,1130,46732,11.2846
4,True,5,198,1130,55389,13.2981
4,True,5,199,1130,46732,13.3801
4,True,5,200,0,1,7.6e-06
0,True,5,1,50,37915,3.99272
0,True,5,2,90,34164,2.34934
0,True,5,3,100,67549,4.48646
0,True,5,4,100,46981,3.04951
0,True,5,5,100,65626,3.47134
0,True,5,6,100,46981,3.08347
0,True,5,7,100,42627,2.36065
0,True,5,8,60,268855,13.7459
0,True,5,9,100,42627,3.51419
0,True,5,10,60,268855,14.798
0,True,5,11,120,89838,6.30174
0,True,5,12,1050,60310,4.28491
0,True,5,13,1050,51815,2.72221
1,True,5,1,20,2208,0.111223
1,True,5,2,20,2670,0.144634
1,True,5,3,20,2480,0.145489
1,True,5,4,20,1884,0.119736
1,True,5,5,20,1267,0.085274
1,True,5,6,20,1460,0.0916149
1,True,5,7,20,1267,0.0838617
1,True,5,8,30,988,0.0827465
1,True,5,9,30,1105,0.0785493
1,True,5,10,30,911,0.0728273
1,True,5,11,40,1026,0.0780629
1,True,5,12,40,1494,0.122928
1,True,5,13,40,1687,0.137789
1,True,5,14,40,1651,0.137305
1,True,5,15,40,3778,0.282806
1,True,5,16,40,1651,0.145028
1,True,5,17,40,3176,0.246678
1,True,5,18,40,1557,0.133484
1,True,5,19,40,3692,0.317201
1,True,5,20,40,1557,0.161479
1,True,5,21,40,3326,0.29287
1,True,5,22,40,1557,0.178691
1,True,5,23,40,3346,0.285567
1,True,5,24,40,1426,0.146356
1,True,5,25,40,3425,0.314754
1,True,5,26,40,1426,0.149394
1,True,5,27,40,3346,0.313247
1,True,5,28,50,705,0.17851
1,True,5,29,60,5048,0.41795
1,True,5,30,70,6320,0.511643
1,True,5,31,140,6430,0.481386
1,True,5,32,150,5192,0.392224
1,True,5,33,150,5195,0.388533
1,True,5,34,150,8614,0.618643
1,True,5,35,150,8116,0.565847
1,True,5,36,150,6108,0.454642
1,True,5,37,150,8489,0.648743
1,True,5,38,150,6034,0.480267
1,True,5,39,150,8489,0.890733
1,True,5,40,150,6159,0.48373
1,True,5,41,150,8090,0.799907
1,True,5,42,150,6159,0.511131
1,True,5,43,150,8407,0.862523
1,True,5,44,150,6159,0.562395
1,True,5,45,150,8090,0.725795
1,True,5,46,150,6025,0.703962
1,True,5,47,150,8499,0.886423
1,True,5,48,150,6025,0.879139
1,True,5,49,150,8499,1.4518
1,True,5,50,150,6178,0.9791
1,True,5,51,150,8407,1.22016
1,True,5,52,150,6178,0.711159
1,True,5,53,150,8090,0.780196
1,True,5,54,150,6025,0.582084
1,True,5,55,150,8499,0.829823
1,True,5,56,150,5842,0.593738
1,True,5,57,150,4101,0.411639
1,True,5,58,150,2088,0.192387
1,True,5,59,150,4905,0.532518
1,True,5,60,150,6699,0.708287
1,True,5,61,150,4905,0.507798
1,True,5,62,150,6891,0.73051
1,True,5,63,150,4960,0.561052
1,True,5,64,150,6961,0.765519
1,True,5,65,150,4960,0.569834
1,True,5,66,150,7068,0.798069
1,True,5,67,150,18453,2.01555
1,True,5,68,230,37286,3.88755
1,True,5,69,230,31378,3.34178
1,True,5,70,230,38583,4.1504
1,True,5,71,230,31378,3.54458
1,True,5,72,230,40249,4.1979
1,True,5,73,230,31485,3.35622
1,True,5,74,230,39399,4.20668
1,True,5,75,230,31485,3.40222
1,True,5,76,230,40249,4.36194
1,True,5,77,230,31378,3.50215
1,True,5,78,230,39514,4.46053
1,True,5,79,230,32310,6.87646
1,True,5,80,230,39919,7.30947
1,True,5,81,230,32310,6.32832
1,True,5,82,230,39514,4.58176
1,True,5,83,230,31378,3.75992
1,True,5,84,230,39514,4.67087
1,True,5,85,230,31378,3.78732
1,True,5,86,230,38583,4.6606
1,True,5,87,230,31378,3.92335
1,True,5,88,230,40249,4.90657
1,True,5,89,230,31485,3.90278
1,True,5,90,230,39399,6.89827
1,True,5,91,230,32310,4.21071
1,True,5,92,230,7437,1.01159
1,True,5,93,230,3845,0.494215
1,True,5,94,230,34580,4.45266
1,True,5,95,230,43445,6.11095
1,True,5,96,230,34580,4.68814
1,True,5,97,1050,38246,4.98934
1,True,5,98,1050,43072,5.64074
2,True,5,1,90,8186,0.546129
2,True,5,2,100,14388,0.779984
2,True,5,3,120,36822,1.61142
2,True,5,4,130,40475,1.78496
2,True,5,5,130,28614,1.41259
2,True,5,6,130,23955,1.53709
2,True,5,7,140,14895,0.804356
2,True,5,8,140,69817,2.87475
2,True,5,9,150,98387,4.18526
2,True,5,10,160,38883,1.68616
2,True,5,11,160,66172,2.89444
2,True,5,12,160,59737,2.80583
2,True,5,13,160,85883,3.99518
2,True,5,14,160,77719,3.51161
2,True,5,15,160,116891,5.76868
2,True,5,16,1030,138920,6.93012
2,True,5,17,1030,74369,3.76602
3,True,5,1,40,60301,2.43921
3,True,5,2,850,119048,4.92156
4,True,5,1,50,6982,0.368586
4,True,5,2,50,11633,0.78226
4,True,5,3,60,7713,0.633501
4,True,5,4,70,12609,0.720114
4,True,5,5,70,24297,1.61777
4,True,5,6,70,11748,0.636215
4,True,5,7,70,9793,0.875657
4,True,5,8,70,10273,0.482291
4,True,5,9,70,14763,0.75409
4,True,5,10,70,10313,0.89966
4,True,5,11,70,10292,0.836166
4,True,5,12,70,14762,0.982107
4,True,5,13,70,14884,1.13709
4,True,5,14,70,10365,0.723996
4,True,5,15,70,14884,0.786784
4,True,5,16,70,14762,0.773664
4,True,5,17,70,10292,0.786003
4,True,5,18,70,11579,0.926239
4,True,5,19,70,11266,0.881218
4,True,5,20,70,15106,1.24161
4,True,5,21,70,14884,1.13116
4,True,5,22,70,15817,1.27867
4,True,5,23,70,14658,1.12389
4,True,5,24,70,15813,1.05339
4,True,5,25,70,15024,1.50194
4,True,5,26,70,14211,1.2369
4,True,5,27,70,11984,1.25615
4,True,5,28,70,11266,1.17417
4,True,5,29,70,15822,1.47551
4,True,5,30,70,14884,1.78863
4,True,5,31,60,25766,2.41067
4,True,5,32,60,11876,0.845649
4,True,5,33,70,12098,1.13428
4,True,5,34,70,16304,1.53644
4,True,5,35,70,15663,1.34298
4,True,5,36,70,13728,1.27472
4,True,5,37,70,20516,1.64068
4,True,5,38,150,16769,1.34541
4,True,5,39,150,55285,5.07844
4,True,5,40,150,91508,7.69586
4,True,5,41,150,13835,1.16037
4,True,5,42,150,10823,0.918218
4,True,5,43,150,8024,0.659147
4,True,5,44,150,10689,0.895578
4,True,5,45,150,8073,0.707876
4,True,5,46,150,9707,0.923229
4,True,5,47,150,8682,0.764743
4,True,5,48,150,10823,0.971628
4,True,5,49,150,7981,0.773973
4,True,5,50,150,10689,1.13757
4,True,5,51,150,7981,0.783567
4,True,5,52,150,10218,1.08158
4,True,5,53,150,7981,0.7767
4,True,5,54,150,10689,1.00628
4,True,5,55,150,8013,0.759329
4,True,5,56,1050,10238,1.07705
4,True,5,57,1050,9295,1.18876
0,True,5,1,50,37915,2.74499
0,True,5,2,90,34164,2.18248
0,True,5,3,100,67549,4.9254
0,True,5,4,100,104573,9.4137
0,True,5,5,100,48056,6.49746
0,True,5,6,230,19751,2.03984
0,True,5,7,240,52313,3.12864
0,True,5,8,240,88039,4.00919
0,True,5,9,240,66178,2.72681
0,True,5,10,240,88799,3.60596
0,True,5,11,240,66178,2.93938
0,True,5,12,240,89039,3.95052
0,True,5,13,240,68653,3.10498
0,True,5,14,240,88653,3.84411
0,True,5,15,240,67627,2.98134
0,True,5,16,240,88653,3.94254
0,True,5,17,1060,65735,4.01737
0,True,5,18,1060,49367,2.91034
0,True,5,19,1060,66680,3.69779
0,True,5,20,1060,49367,3.02622
0,True,5,21,1060,66680,5.20341
0,True,5,22,1060,49367,3.16312
0,True,5,23,1060,66680,3.70562
0,True,5,24,1060,49367,2.91729
0,True,5,25,1060,66680,3.61471
0,True,5,26,1060,49367,2.83361
0,True,5,27,1060,66680,3.95754
0,True,5,28,1060,49367,4.06478
0,True,5,29,1060,66680,3.97374
0,True,5,30,1060,49367,3.31018
0,True,5,31,1060,8956,0.609587
0,True,5,32,1060,2776,0.172954
1,True,5,1,20,2208,0.118638
1,True,5,2,20,3691,0.225161
1,True,5,3,20,1888,0.0962454
1,True,5,4,20,1686,0.0960892
1,True,5,5,20,1422,0.0944836
1,True,5,6,30,3819,0.305746
1,True,5,7,30,2383,0.178507
1,True,5,8,30,2633,0.160531
1,True,5,9,30,1642,0.107924
1,True,5,10,30,2165,0.146197
1,True,5,11,30,1914,0.133933
1,True,5,12,30,1041,0.0867239
1,True,5,13,30,1066,0.186655
1,True,5,14,30,1152,0.0965604
1,True,5,15,30,1347,0.265793
1,True,5,16,40,1029,0.156142
1,True,5,17,40,2150,0.251679
1,True,5,18,40,2603,0.326088
1,True,5,19,40,1783,0.133361
1,True,5,20,40,2022,0.153579
1,True,5,21,40,1810,0.170492
1,True,5,22,40,2570,0.198434
1,True,5,23,40,1783,0.14094
1,True,5,24,40,2637,0.227769
1,True,5,25,40,2320,0.180753
1,True,5,26,40,2528,0.215877
1,True,5,27,40,1401,0.121185
1,True,5,28,40,2528,0.251139
1,True,5,29,40,2320,0.189786
1,True,5,30,40,5500,0.437667
1,True,5,31,40,3695,0.328948
1,True,5,32,40,2921,0.268132
1,True,5,33,40,1783,0.175919
1,True,5,34,40,2528,0.307592
1,True,5,35,40,1810,0.354371
1,True,5,36,40,2528,0.277051
1,True,5,37,40,2030,0.22655
1,True,5,38,40,5500,0.495827
1,True,5,39,40,3492,0.313321
1,True,5,40,40,4904,0.524521
1,True,5,41,40,2862,0.391557
1,True,5,42,40,1657,0.192933
1,True,5,43,40,1908,0.234524
1,True,5,44,40,1647,0.185614
1,True,5,45,40,2345,0.30652
1,True,5,46,40,1743,0.210416
1,True,5,47,40,2545,0.291164
1,True,5,48,40,2716,0.349698
1,True,5,49,40,3880,0.469725
1,True,5,50,40,2716,0.316674
1,True,5,51,40,3644,0.432958
1,True,5,52,40,2716,0.322476
1,True,5,53,40,2564,0.317626
1,True,5,54,40,1657,0.221071
1,True,5,55,40,2345,0.365991
1,True,5,56,40,1647,0.225541
1,True,5,57,40,2317,0.359737
1,True,5,58,40,1678,0.237832
1,True,5,59,40,2232,0.306315
1,True,5,60,40,1743,0.246664
1,True,5,61,40,2862,0.380433
1,True,5,62,40,1647,0.24485
1,True,5,63,40,2564,0.341295
1,True,5,64,40,1938,0.390217
1,True,5,65,50,2360,0.400901
1,True,5,66,100,3013,0.420667
1,True,5,67,110,3845,0.808291
1,True,5,68,120,6009,0.847031
1,True,5,69,120,23887,2.97247
1,True,5,70,120,26132,3.01049
1,True,5,71,120,23887,2.78644
1,True,5,72,120,34258,4.39262
1,True,5,73,190,32560,3.86433
1,True,5,74,200,27021,3.44251
1,True,5,75,210,30652,3.58009
1,True,5,76,210,28941,3.80866
1,True,5,77,210,29968,3.97871
1,True,5,78,210,27067,3.19113
1,True,5,79,210,30504,3.56632
1,True,5,80,210,27817,3.81644
1,True,5,81,210,31531,6.06121
1,True,5,82,210,25461,4.98392
1,True,5,83,210,31531,5.32151
1,True,5,84,210,27450,5.59929
1,True,5,85,210,31951,5.18339
1,True,5,86,210,27817,4.3663
1,True,5,87,210,30504,5.13095
1,True,5,88,210,27067,3.85702
1,True,5,89,210,32381,4.96217
1,True,5,90,210,26456,5.21153
1,True,5,91,210,30854,6.34518
1,True,5,92,210,27817,6.09208
1,True,5,93,210,30854,5.38725
1,True,5,94,210,26456,3.558
1,True,5,95,210,30854,4.74592
1,True,5,96,210,27817,6.46241
1,True,5,97,210,32381,4.5621
1,True,5,98,210,26456,5.77918
1,True,5,99,210,7355,1.79635
1,True,5,100,210,2170,0.288545
1,True,5,101,1100,102036,18.4375
1,True,5,102,1100,80960,12.3282
1,True,5,103,1100,98000,19.6871
1,True,5,104,1100,80960,15.0984
1,True,5,105,1100,98000,17.3745
1,True,5,106,1100,80960,15.7327
1,True,5,107,1100,98000,17.034
1,True,5,108,1100,80960,14.4207
1,True,5,109,1100,98000,15.9625
1,True,5,110,1100,80960,12.7034
1,True,5,111,1100,98000,14.6976
1,True,5,112,1100,80960,12.1585
1,True,5,113,1100,98000,15.8567
1,True,5,114,1100,80960,12.2974
1,True,5,115,1100,98000,16.8949
1,True,5,116,1100,80960,19.5481
1,True,5,117,1100,98000,15.254
1,True,5,118,1100,80960,12.728
1,True,5,119,1100,98000,16.2449
1,True,5,120,1100,80960,11.814
1,True,5,121,1100,98000,15.7924
1,True,5,122,1100,80960,11.738
1,True,5,123,1100,98000,14.1803
1,True,5,124,1100,13765,2.23577
1,True,5,125,1100,2640,0.371404
3,True,5,1,40,60301,2.42216
3,True,5,2,150,56537,2.29178
3,True,5,3,880,146668,5.22261
3,True,5,1,40,60301,2.33195
3,True,5,2,930,45914,1.68505
0,False,1,1,-100,65624,2.79352
0,False,1,2,-220,65692,2.51937
0,False,1,3,-1070,62128,3.4241
0,False,1,4,-1120,106674,4.45752
0,False,1,5,-1120,129455,5.06971
0,False,1,6,-1130,104815,3.98459
0,False,1,7,-1140,159736,6.01214
0,False,1,8,-1140,169246,6.0873
0,False,1,9,-1140,156835,5.8561
0,False,1,10,-1140,138383,5.29183
0,False,1,11,-1140,94899,3.99477
0,False,1,12,-1140,138383,6.74942
0,False,1,13,-1140,94899,4.02076
0,False,1,14,-1140,138383,5.89835
0,False,1,15,-1140,94899,4.43641
0,False,1,16,-1140,138383,6.26437
0,False,1,17,-1140,94899,4.71429
0,False,1,18,-1140,138383,6.82654
0,False,1,19,-1140,94899,5.73163
0,False,1,20,-1140,138383,7.59676
0,False,1,21,-1140,94899,4.65629
0,False,1,22,-1140,138383,6.87259
0,False,1,23,-1140,94899,4.76139
0,False,1,24,-1140,138383,6.97223
0,False,1,25,-1140,94899,5.13237
0,False,1,26,-1140,138383,7.32884
0,False,1,27,-1140,94899,5.30525
0,False,1,28,-1140,138383,7.57598
0,False,1,29,-1140,94899,5.39246
0,False,1,30,-1140,138383,7.92423
0,False,1,31,-1140,10683,0.684799
0,False,1,32,-1140,3232,0.205136
1,False,1,1,10,2535,0.175998
1,False,1,2,0,5587,0.48581
1,False,1,3,-70,3280,0.366204
1,False,1,4,-120,18278,0.85622
1,False,1,5,-160,38065,1.81035
1,False,1,6,-170,16463,0.776893
1,False,1,7,-180,22578,1.0098
1,False,1,8,-1070,27496,1.20528
1,False,1,9,-1100,24718,1.13199
1,False,1,10,-1100,18217,0.815189
1,False,1,11,-1100,28114,1.32001
2,False,1,1,-110,48872,2.60018
2,False,1,2,-120,51883,1.96877
2,False,1,3,-120,36226,1.40329
2,False,1,4,-200,10283,0.367119
2,False,1,5,-210,48841,1.6728
2,False,1,6,-210,54725,2.0291
2,False,1,7,-1030,43383,2.17194
2,False,1,8,-1110,43656,1.85114
2,False,1,9,-1110,72220,3.43241
3,False,1,1,-100,36652,1.91547
3,False,1,2,-140,31364,1.50885
3,False,1,3,-190,5845,0.30727
3,False,1,4,-1080,46580,2.70201
3,False,1,5,-1080,93405,3.65012
4,False,1,1,-40,4247,0.205325
4,False,1,2,-50,17308,0.805602
4,False,1,3,-100,48421,2.07571
4,False,1,4,-110,24771,0.955041
4,False,1,5,-110,23102,0.905471
4,False,1,6,-110,23536,0.994927
4,False,1,7,-110,21660,0.86813
4,False,1,8,-110,26086,1.09156
4,False,1,9,-110,29709,1.27749
4,False,1,10,-110,26210,1.15878
4,False,1,11,-110,28107,1.30641
4,False,1,12,-110,21816,0.997292
4,False,1,13,-110,29387,1.36824
4,False,1,14,-110,23928,1.13095
4,False,1,15,-110,29387,1.40549
4,False,1,16,-110,21816,1.08304
4,False,1,17,-110,26775,1.36725
4,False,1,18,-110,20668,1.06389
4,False,1,19,-110,26775,1.47279
4,False,1,20,-110,20668,1.06227
4,False,1,21,-110,23819,1.2486
4,False,1,22,-110,22585,1.29112
4,False,1,23,-110,27180,1.68211
4,False,1,24,-110,27978,1.67413
4,False,1,25,-110,27180,1.62704
4,False,1,26,-110,25067,1.53587
4,False,1,27,-110,29725,1.77939
4,False,1,28,-110,25157,1.53693
4,False,1,29,-110,29347,1.95981
4,False,1,30,-110,31389,2.20793
4,False,1,31,-110,34412,2.26974
4,False,1,32,-110,31389,2.10844
4,False,1,33,-110,30054,2.02681
4,False,1,34,-110,30976,2.02475
4,False,1,35,-110,26569,1.84877
4,False,1,36,-110,27978,1.9634
4,False,1,37,-110,29899,2.30377
4,False,1,38,-110,26877,1.95502
4,False,1,39,-110,50553,4.03178
4,False,1,40,-110,47440,3.57515
4,False,1,41,-110,53496,3.88656
4,False,1,42,-110,46582,3.30094
4,False,1,43,-110,41372,2.97333
4,False,1,44,-110,54244,4.04473
4,False,1,45,-110,56989,4.20621
4,False,1,46,-110,51372,3.83913
4,False,1,47,-110,38446,2.99218
4,False,1,48,-110,36028,2.81308
4,False,1,49,-110,67759,5.23954
4,False,1,50,-110,29025,2.37404
4,False,1,51,-110,29941,2.46086
4,False,1,52,-110,26631,2.25571
4,False,1,53,-110,33566,2.81437
4,False,1,54,-110,40664,3.42945
4,False,1,55,-110,41319,3.57543
4,False,1,56,-110,49205,4.16365
4,False,1,57,-110,51359,4.43852
4,False,1,58,-110,37839,3.3484
4,False,1,59,-110,46692,4.43706
4,False,1,60,0,1,7.2e-06
0,False,1,1,-90,218119,9.2361
0,False,1,2,-130,84886,2.78511
0,False,1,3,-130,79226,2.63289
0,False,1,4,-150,89166,3.35061
0,False,1,5,-150,136893,4.78309
0,False,1,6,-150,77908,2.71728
0,False,1,7,-150,83021,2.95654
0,False,1,8,-220,75673,2.77507
0,False,1,9,-230,60083,2.39635
0,False,1,10,-1030,190265,7.90291
0,False,1,11,-1030,119564,5.28939
1,False,1,1,10,2961,0.230585
1,False,1,2,0,2378,0.171262
1,False,1,3,-70,2183,0.112192
1,False,1,4,-100,12876,0.581863
1,False,1,5,-180,30249,1.34302
1,False,1,6,-190,12610,0.556107
1,False,1,7,-1080,18536,0.795936
1,False,1,8,-1090,56362,2.34866
1,False,1,9,-1090,54607,2.36232
2,False,1,1,-70,12316,0.458432
2,False,1,2,-80,277066,10.191
2,False,1,3,-90,137550,4.82304
2,False,1,4,-90,137860,4.97945
2,False,1,5,-90,198098,7.10226
2,False,1,6,-100,144972,5.54345
2,False,1,7,-170,69010,2.62676
2,False,1,8,-1070,61599,2.28047
3,False,1,1,-150,41522,1.88772
3,False,1,2,-150,72832,2.38738
3,False,1,3,-150,98402,3.29809
3,False,1,4,-150,90960,3.09769
3,False,1,5,-150,98402,3.55687
3,False,1,6,-150,90960,3.26989
3,False,1,7,-150,124471,4.66772
3,False,1,8,-150,106926,4.1211
3,False,1,9,-150,98402,3.9533
3,False,1,10,-150,72832,3.03539
3,False,1,11,-150,98402,4.15555
3,False,1,12,-150,90960,3.90957
3,False,1,13,-150,98402,4.34562
3,False,1,14,-150,90960,4.0879
3,False,1,15,-150,98402,4.54038
3,False,1,16,-150,90960,4.19
3,False,1,17,-150,98402,4.72164
3,False,1,18,-150,90960,4.32291
3,False,1,19,-150,98402,4.90702
3,False,1,20,-150,90960,4.51374
3,False,1,21,-150,98402,5.11268
3,False,1,22,-150,90960,4.65279
3,False,1,23,-150,98402,5.28943
3,False,1,24,-150,72832,4.03043
3,False,1,25,-120,107936,6.24613
3,False,1,26,-130,117135,6.77063
3,False,1,27,-1070,222885,13.2891
4,False,1,1,-40,4143,0.176212
4,False,1,2,-50,53639,1.91
4,False,1,3,-60,106450,3.60849
4,False,1,4,-60,63086,2.17545
4,False,1,5,-60,65373,2.43155
4,False,1,6,-60,89445,3.49745
4,False,1,7,-60,129994,5.00492
4,False,1,8,-110,25530,1.10195
4,False,1,9,-110,71671,2.94359
4,False,1,10,-110,16612,0.661029
4,False,1,11,-110,13207,0.539838
4,False,1,12,-110,15488,0.672481
4,False,1,13,-110,11332,0.503165
4,False,1,14,-110,12344,0.538342
4,False,1,15,-110,11500,0.494296
4,False,1,16,-110,16279,0.837858
4,False,1,17,-110,12706,0.575658
4,False,1,18,-110,16174,0.760252
4,False,1,19,-110,12706,0.622047
4,False,1,20,-110,16093,0.770767
4,False,1,21,-110,12907,0.6703
4,False,1,22,-110,16174,0.860681
4,False,1,23,-110,13403,0.697125
4,False,1,24,-110,16174,0.893108
4,False,1,25,-110,14017,0.750145
4,False,1,26,-110,16174,0.911975
4,False,1,27,-110,13403,0.764328
4,False,1,28,-110,16886,0.986953
4,False,1,29,-110,13403,0.78495
4,False,1,30,-110,14746,0.893879
4,False,1,31,-110,13339,0.803626
4,False,1,32,-110,14746,0.894879
4,False,1,33,-110,3323,0.236948
4,False,1,34,-110,1716,0.119267
4,False,1,35,-110,14700,1.02103
4,False,1,36,-110,12415,0.839566
4,False,1,37,-110,14196,0.941869
4,False,1,38,-110,10427,0.74992
4,False,1,39,-110,17300,1.20838
4,False,1,40,-110,7566,0.574358
4,False,1,41,-110,13384,0.94247
4,False,1,42,-110,11812,0.905641
4,False,1,43,-110,15890,1.20948
4,False,1,44,-110,11812,0.896867
4,False,1,45,-110,13384,1.02288
4,False,1,46,-110,14049,1.11823
4,False,1,47,-110,15335,1.22841
4,False,1,48,-110,14820,1.20697
4,False,1,49,-110,18197,1.44407
4,False,1,50,-110,14820,1.20923
4,False,1,51,-110,17473,1.45814
4,False,1,52,-110,15369,1.27461
4,False,1,53,-110,18262,1.51763
4,False,1,54,-110,15369,1.30683
4,False,1,55,-110,18262,1.603
4,False,1,56,-110,14820,1.32547
4,False,1,57,-110,16751,1.55591
4,False,1,58,-110,3576,0.386815
4,False,1,59,-110,1836,0.20309
4,False,1,60,0,1,5.8e-06
0,False,1,1,-90,117575,4.17375
0,False,1,2,-120,85382,3.80089
0,False,1,3,-120,35830,1.86977
0,False,1,4,-120,39796,1.95424
0,False,1,5,-130,36981,1.84737
0,False,1,6,-1020,21753,0.947579
0,False,1,7,-1020,41915,1.95249
1,False,1,1,10,2774,0.21502
1,False,1,2,-100,5335,0.23269
1,False,1,3,-180,7402,0.334276
1,False,1,4,-180,8374,0.390629
1,False,1,5,-190,24594,1.01479
1,False,1,6,-200,21440,0.971911
1,False,1,7,-210,13952,0.569337
1,False,1,8,-1090,55940,2.26678
1,False,1,9,-1090,41979,1.71076
1,False,1,10,-1100,54643,2.34566
1,False,1,11,-1100,74804,3.15976
1,False,1,12,-1100,78230,3.32378
2,False,1,1,-80,12782,0.532545
2,False,1,2,-80,209579,7.19403
2,False,1,3,-80,108465,3.77901
2,False,1,4,-90,110502,3.94844
2,False,1,5,-980,232553,8.54386
3,False,1,1,-40,34001,1.54282
3,False,1,2,-40,185882,6.91501
3,False,1,3,-40,366891,13.3401
3,False,1,4,-90,191076,7.64092
3,False,1,5,-90,208183,8.40751
3,False,1,6,-100,304142,12.8388
3,False,1,7,-180,74578,3.08228
3,False,1,8,-180,78190,4.11482
3,False,1,9,-210,39460,1.61955
3,False,1,10,-210,43804,1.7267
3,False,1,11,-210,29781,1.20786
3,False,1,12,-1110,39460,1.54953
3,False,1,13,-1110,30115,1.2198
3,False,1,14,-1110,29204,1.20191
3,False,1,15,-1110,30115,1.37915
3,False,1,16,-1110,29204,1.23307
3,False,1,17,-1110,30115,1.32292
3,False,1,18,-1110,29204,1.40344
3,False,1,19,-1110,30115,1.37279
3,False,1,20,-1110,29204,1.34052
3,False,1,21,-1110,30115,1.45102
3,False,1,22,-1110,29204,1.40004
3,False,1,23,-1110,30115,1.54102
3,False,1,24,-1110,29204,1.46119
3,False,1,25,-1110,30115,1.5808
3,False,1,26,-1110,29204,1.53214
3,False,1,27,-1110,30115,1.62538
3,False,1,28,-1110,29204,1.63587
3,False,1,29,-1110,30115,1.70292
3,False,1,30,-1110,29204,1.66502
3,False,1,31,-1110,30115,1.7394
3,False,1,32,-1110,29204,1.68638
3,False,1,33,-1110,2034,0.144098
3,False,1,34,-1110,34,0.0024037
0,False,5,1,-90,117575,4.86657
0,False,5,2,-120,85382,3.83747
0,False,5,3,-120,35830,1.90533
0,False,5,4,-120,39796,1.99357
0,False,5,5,-130,36981,2.04925
0,False,5,6,-170,39348,2.18772
0,False,5,7,-180,29931,1.28571
0,False,5,8,-1070,22158,1.11295
0,False,5,9,-1080,25328,1.06483
0,False,5,10,-1080,36393,1.80021
1,False,5,1,10,2909,0.198618
1,False,5,2,0,5658,0.350372
1,False,5,3,-60,4759,0.239611
1,False,5,4,-50,849,0.0722076
1,False,5,5,-70,1531,0.0761798
1,False,5,6,-100,19636,0.88871
1,False,5,7,-170,23331,1.04544
1,False,5,8,-190,25390,1.10061
1,False,5,9,-200,25588,1.12085
1,False,5,10,-1080,63503,2.66003
1,False,5,11,-1080,43235,1.94429
1,False,5,12,-1080,31398,1.43863
2,False,5,1,-40,4726,0.172988
2,False,5,2,-40,142002,5.00405
2,False,5,3,-50,87070,2.91043
2,False,5,4,-50,14612,0.653485
2,False,5,5,-100,12682,0.621623
2,False,5,6,-1020,21726,0.868342
3,False,5,1,-130,18474,0.841354
3,False,5,2,-120,95870,3.61091
3,False,5,3,-180,40550,1.56887
3,False,5,4,-1020,71379,2.82232
4,False,5,1,-40,6245,0.274239
4,False,5,2,-90,40061,1.4692
4,False,5,3,-90,67794,2.70201
4,False,5,4,-100,133667,4.99085
4,False,5,5,-110,42909,1.59362
4,False,5,6,-110,36048,1.37983
4,False,5,7,-110,29091,1.17435
4,False,5,8,-110,29245,1.16012
4,False,5,9,-110,23353,0.943756
4,False,5,10,-110,27657,1.18974
4,False,5,11,-110,22374,1.02543
4,False,5,12,-110,21916,1.0679
4,False,5,13,-110,25565,1.28832
4,False,5,14,-110,22768,1.02059
4,False,5,15,-110,18910,0.908773
4,False,5,16,-110,21327,1.04379
4,False,5,17,-110,18008,0.931522
4,False,5,18,-110,33560,1.69543
4,False,5,19,-110,54686,2.79297
4,False,5,20,-110,33145,1.78534
4,False,5,21,-1010,36705,1.95623
4,False,5,22,-1010,23539,1.27901
0,False,5,1,-100,83374,3.16524
0,False,5,2,-120,172109,8.54096
0,False,5,3,-120,67804,3.83654
0,False,5,4,-120,32962,2.319
0,False,5,5,-120,48204,3.45066
0,False,5,6,-120,44950,2.7731
0,False,5,7,-120,101119,5.58662
0,False,5,8,-120,44950,2.91418
0,False,5,9,-120,101119,6.01682
0,False,5,10,-120,44950,2.95468
0,False,5,11,-120,101119,6.12872
0,False,5,12,-120,44950,3.18781
0,False,5,13,-1020,63369,4.08257
0,False,5,14,-1020,40314,2.20847
1,False,5,1,10,3106,0.212763
1,False,5,2,-80,5356,0.247007
1,False,5,3,-100,27668,1.34817
1,False,5,4,-180,8609,0.4415
1,False,5,5,-190,14535,0.670468
1,False,5,6,-200,18012,0.804473
1,False,5,7,-1070,91747,3.58454
1,False,5,8,-1070,46023,1.83789
2,False,5,1,-70,12316,0.446378
2,False,5,2,-80,277066,10.5572
2,False,5,3,-90,137550,4.90191
2,False,5,4,-90,137860,5.17165
2,False,5,5,-100,173649,6.32753
2,False,5,6,-910,46457,2.03321
2,False,5,7,-1000,36338,1.53778
2,False,5,8,-1000,49049,2.06279
3,False,5,1,-130,54223,2.27114
3,False,5,2,-140,145343,5.37297
3,False,5,3,-210,111083,4.03836
3,False,5,4,-210,158287,5.50487
3,False,5,5,-1110,152861,5.41037
3,False,5,6,-1110,145603,5.39761
4,False,5,1,-40,6561,0.329523
4,False,5,2,-90,38499,1.6847
4,False,5,3,-60,74944,2.95552
4,False,5,4,-110,30968,1.15179
4,False,5,5,-1000,31706,1.15742
4,False,5,6,-1000,24843,0.974689
0,False,5,1,-90,218119,9.83813
0,False,5,2,-130,206158,8.32333
0,False,5,3,-130,80948,2.98963
0,False,5,4,-1030,41607,1.47078
0,False,5,5,-1030,24597,1.04552
1,False,5,1,10,2961,0.238665
1,False,5,2,0,2679,0.191128
1,False,5,3,-90,950,0.0511386
1,False,5,4,-90,6608,0.276652
1,False,5,5,-180,21071,0.929825
1,False,5,6,-190,13747,0.6429
1,False,5,7,-190,11168,0.520241
1,False,5,8,-260,18148,0.848633
1,False,5,9,-1090,26788,1.22929
1,False,5,10,-1090,45219,2.15766
2,False,5,1,-40,4726,0.171896
2,False,5,2,-40,142002,5.24469
2,False,5,3,-60,135860,5.98062
2,False,5,4,-60,37728,1.44393
2,False,5,5,-60,50555,2.0944
2,False,5,6,-60,37728,1.54302
2,False,5,7,-60,50555,2.24011
2,False,5,8,-60,37728,1.59317
2,False,5,9,-60,51975,2.4327
2,False,5,10,-60,43894,1.92392
2,False,5,11,-130,20842,0.972522
2,False,5,12,-1030,21047,1.02217
2,False,5,13,-1030,42800,2.16581
3,False,5,1,-120,27204,1.27505
3,False,5,2,-120,123275,4.91986
3,False,5,3,-130,148047,6.19003
3,False,5,4,-120,141985,7.48904
3,False,5,5,-990,45708,1.81251
3,False,5,6,-990,35233,1.42548
4,False,5,1,-40,7344,0.321437
4,False,5,2,-100,50263,1.90877
4,False,5,3,-110,34206,1.25742
4,False,5,4,-110,24758,0.8695
4,False,5,5,-110,17607,0.676579
4,False,5,6,-110,24758,1.13986
4,False,5,7,-110,17607,0.77024
4,False,5,8,-110,25195,1.13442
4,False,5,9,-110,17607,1.32176
4,False,5,10,-110,25195,1.12886
4,False,5,11,-110,21583,1.19956
4,False,5,12,-990,30529,1.63771
4,False,5,13,-990,22538,1.17553
0,False,5,1,-90,98625,4.17853
0,False,5,2,-990,68017,2.71996
0,False,5,3,-990,54256,2.45002
1,False,5,1,10,2535,0.166823
1,False,5,2,0,1874,0.160353
1,False,5,3,-70,2704,0.214759
1,False,5,4,-140,9291,0.526914
1,False,5,5,-150,21882,1.06896
1,False,5,6,-150,12940,0.602578
1,False,5,7,-150,17372,0.83471
1,False,5,8,-150,14337,0.867428
1,False,5,9,-150,14372,0.694318
1,False,5,10,-150,23084,1.35199
1,False,5,11,-150,23219,1.22657
1,False,5,12,-150,16087,1.01057
1,False,5,13,-150,26551,1.87284
1,False,5,14,-150,15955,1.03252
1,False,5,15,-150,27248,1.72889
1,False,5,16,-150,15095,1.14495
1,False,5,17,-150,25816,1.89227
1,False,5,18,-150,15141,1.07704
1,False,5,19,-150,14802,0.999831
1,False,5,20,-150,11260,0.823282
1,False,5,21,-150,11298,0.793585
1,False,5,22,-150,11260,0.708465
1,False,5,23,-150,11387,0.759481
1,False,5,24,-160,12412,0.895351
1,False,5,25,-160,15362,1.06549
1,False,5,26,-160,14811,0.990866
1,False,5,27,-160,30399,2.32487
1,False,5,28,-200,26840,2.55151
1,False,5,29,-280,77801,5.13877
1,False,5,30,-290,120914,8.11544
1,False,5,31,-1110,103049,6.38023
1,False,5,32,-1120,94068,5.98211
1,False,5,33,-1120,31179,2.07255
2,False,5,1,-70,12316,0.469185
2,False,5,2,-80,277066,11.6946
2,False,5,3,-90,137550,4.89997
2,False,5,4,-90,137860,5.43259
2,False,5,5,-90,47747,2.05688
2,False,5,6,-100,100926,4.35279
2,False,5,7,-910,54688,2.39764
2,False,5,8,-1000,43845,1.93255
2,False,5,9,-1000,41873,1.77853
3,False,5,1,-120,31530,1.4266
3,False,5,2,-130,150324,5.64383
3,False,5,3,-1020,143661,5.43292
3,False,5,4,-1020,143597,6.29134
4,False,5,1,-40,5808,0.299628
4,False,5,2,-90,31215,1.34888
4,False,5,3,-90,28598,1.16871
4,False,5,4,-100,26373,1.06603
4,False,5,5,-110,63872,2.53484
4,False,5,6,-110,36946,1.36503
4,False,5,7,-110,38099,1.60815
4,False,5,8,-110,19280,0.806843
4,False,5,9,-110,17774,0.723502
4,False,5,10,-110,19502,0.855401
4,False,5,11,-110,17774,0.799165
4,False,5,12,-110,19280,0.836332
4,False,5,13,-110,17774,0.86554
4,False,5,14,-110,19280,0.932498
4,False,5,15,-110,16639,0.809079
4,False,5,16,-110,22600,1.14109
4,False,5,17,-110,22869,1.21545
4,False,5,18,-110,25086,1.44853
4,False,5,19,-110,17697,1.11221
4,False,5,20,-110,26353,1.71141
4,False,5,21,-110,27486,2.19415
4,False,5,22,-110,19539,1.22168
4,False,5,23,-110,23007,1.7065
4,False,5,24,-110,17624,1.05117
4,False,5,25,-110,23195,1.43345
4,False,5,26,-110,18489,1.36427
4,False,5,27,-110,22849,1.42491
4,False,5,28,-110,18981,1.2347
4,False,5,29,-110,22463,1.56462
4,False,5,30,-110,18717,1.38286
4,False,5,31,-110,21638,1.5823
4,False,5,32,-110,17624,1.53713
4,False,5,33,-110,23195,1.87451
4,False,5,34,-110,17624,1.35385
4,False,5,35,-110,20443,1.99218
4,False,5,36,-110,19219,1.65876
4,False,5,37,-110,24794,1.90465
4,False,5,38,-110,21195,2.27008
4,False,5,39,-110,23195,1.84053
4,False,5,40,-110,21195,1.82488
4,False,5,41,-110,23195,2.57679
4,False,5,42,-110,21121,1.90596
4,False,5,43,-110,34159,2.9813
4,False,5,44,-110,29496,2.2861
4,False,5,45,-110,24204,2.16406
4,False,5,46,-110,26782,2.41889
4,False,5,47,-110,29545,2.60792
4,False,5,48,-110,24783,2.18754
4,False,5,49,-110,27890,2.41192
4,False,5,50,-110,27228,2.31411
4,False,5,51,-110,27890,2.47517
4,False,5,52,-110,24783,2.27874
4,False,5,53,-110,31708,2.87619
4,False,5,54,-110,26838,2.38931
4,False,5,55,-110,33714,2.94765
4,False,5,56,-110,25709,2.41477
4,False,5,57,-110,33714,3.09563
4,False,5,58,-110,26851,2.52296
4,False,5,59,-110,46166,4.2457
4,False,5,60,-110,59324,6.03527
4,False,5,61,-110,25765,2.59654
4,False,5,62,-110,20723,1.98745
4,False,5,63,-110,24734,2.49305
4,False,5,64,-110,22251,2.22923
4,False,5,65,-110,24734,2.4631
4,False,5,66,-110,22251,2.32971
4,False,5,67,-110,26319,2.72767
4,False,5,68,-110,20723,2.17383
4,False,5,69,-110,26319,2.91524
4,False,5,70,-110,22251,2.50926
4,False,5,71,-110,26319,3.33458
4,False,5,72,-110,20106,2.58259
4,False,5,73,-110,23137,3.04164
4,False,5,74,-110,22585,3.30697
4,False,5,75,-110,23369,2.88924
4,False,5,76,-110,22796,3.47854
4,False,5,77,-110,24734,3.61307
4,False,5,78,-110,22251,2.78178
4,False,5,79,-110,24734,3.05114
4,False,5,80,-110,20723,2.53105
4,False,5,81,-110,23369,2.96124
4,False,5,82,-110,22796,3.02294
4,False,5,83,-110,24734,3.2157
4,False,5,84,-110,5108,0.864798
4,False,5,85,-110,2539,0.35779
4,False,5,86,-190,26669,3.9508
4,False,5,87,-190,23602,3.31612
4,False,5,88,-190,27695,3.6979
4,False,5,89,-190,23297,3.35354
4,False,5,90,-190,25429,3.75762
4,False,5,91,-190,23297,3.36979
4,False,5,92,-190,27695,4.15678
4,False,5,93,-190,26879,3.91597
4,False,5,94,-190,27695,4.08117
4,False,5,95,-190,26879,4.15551
4,False,5,96,-190,27695,4.40067
4,False,5,97,-190,26879,4.19076
4,False,5,98,-190,28005,3.88356
4,False,5,99,-190,25942,3.57885
4,False,5,100,-190,26197,3.55626
4,False,5,101,-190,26916,4.07536
4,False,5,102,-190,27036,3.92825
4,False,5,103,-190,24850,3.58261
4,False,5,104,-190,25350,3.77759
4,False,5,105,-190,23602,3.59168
4,False,5,106,-190,25350,3.81845
4,False,5,107,-190,26879,4.27346
4,False,5,108,-190,27695,4.21276
4,False,5,109,-190,26879,4.16397
4,False,5,110,-190,5814,1.0864
4,False,5,111,-190,2797,0.453153
4,False,5,112,-190,23355,3.47722
4,False,5,113,-190,16477,2.75412
4,False,5,114,-190,23355,4.05539
4,False,5,115,-190,18720,3.44216
4,False,5,116,-190,25298,4.26166
4,False,5,117,-190,16477,3.3197
4,False,5,118,-190,25298,4.05004
4,False,5,119,-190,16477,2.91111
4,False,5,120,-190,25199,4.1165
4,False,5,121,-190,16477,2.87429
4,False,5,122,-190,25199,4.74289
4,False,5,123,-190,16477,3.19167
4,False,5,124,-190,26229,4.79411
4,False,5,125,-190,18664,3.35717
4,False,5,126,-190,22400,4.56435
4,False,5,127,-190,16037,2.8471
4,False,5,128,-190,23570,4.33942
4,False,5,129,-190,16037,3.28614
4,False,5,130,-190,22400,4.53036
4,False,5,131,-190,16477,2.90113
4,False,5,132,-190,25298,4.22701
4,False,5,133,-190,16477,3.38179
4,False,5,134,-190,22400,4.47825
4,False,5,135,-190,3248,0.753446
4,False,5,136,-190,3387,0.61418
4,False,5,137,-1090,83345,15.4369
4,False,5,138,-1090,86275,15.9892
4,False,5,139,-1090,75630,14.5325
4,False,5,140,-1090,86275,15.9864
4,False,5,141,-1090,75630,15.1756
4,False,5,142,-1090,86275,14.2713
4,False,5,143,-1090,75630,12.6611
4,False,5,144,-1090,86275,15.61
4,False,5,145,-1090,75630,12.5867
4,False,5,146,-1090,86275,14.313
4,False,5,147,-1090,75630,12.6814
4,False,5,148,-1090,86275,16.9582
4,False,5,149,-1090,75630,15.4728
4,False,5,150,-1090,86275,16.4529
4,False,5,151,-1090,75630,15.1991
4,False,5,152,-1090,86275,17.6446
4,False,5,153,-1090,75630,17.2104
0,False,5,1,-80,100397,3.56306
0,False,5,2,-120,154450,7.745
0,False,5,3,-130,52178,2.77974
0,False,5,4,-1020,28061,1.42246
0,False,5,5,-1020,25504,1.09706
0,False,5,6,-1020,33904,1.49893
0,False,5,7,-1020,34694,1.63205
0,False,5,8,-1020,33904,1.52652
0,False,5,9,-1020,34694,1.66428
0,False,5,10,-1020,33904,1.90821
0,False,5,11,-1020,34694,1.75128
0,False,5,12,-1020,33904,1.89684
0,False,5,13,-1020,34694,1.78925
0,False,5,14,-1020,33904,1.89158
0,False,5,15,-1020,34694,1.86551
0,False,5,16,-1020,33904,1.91748
0,False,5,17,-1020,34694,2.08956
0,False,5,18,-1020,33904,2.06394
0,False,5,19,-1020,34871,2.03645
0,False,5,20,-1020,30639,1.9412
0,False,5,21,-1020,34871,2.11663
0,False,5,22,-1020,23485,1.68715
1,False,5,1,0,3803,0.305173
1,False,5,2,0,5587,0.494827
1,False,5,3,-80,2609,0.216719
1,False,5,4,-110,24911,1.53214
1,False,5,5,-200,3897,0.177828
1,False,5,6,-200,34024,1.63326
1,False,5,7,-1100,25303,1.47909
1,False,5,8,-1100,26024,1.24093
1,False,5,9,-1100,24430,1.18604
2,False,5,1,-70,9697,0.403276
2,False,5,2,-80,214755,9.12493
2,False,5,3,-970,42817,1.74308
3,False,5,1,-120,20373,1.177
3,False,5,2,-120,88943,5.04008
3,False,5,3,-130,130578,7.64967
3,False,5,4,-150,106475,5.04514
3,False,5,5,-160,357105,13.8961
3,False,5,6,-180,12093,0.578199
3,False,5,7,-1080,160755,6.10241
3,False,5,8,-1080,157396,6.94076
3,False,5,9,-1080,133300,5.3779
3,False,5,10,-1080,157396,6.57156
3,False,5,11,-1080,133300,8.05127
3,False,5,12,-1080,114222,5.59918
3,False,5,13,-1080,162820,7.27883
3,False,5,14,-1080,176390,8.18996
4,False,5,1,-40,7344,0.336756
4,False,5,2,-90,42827,1.82354
4,False,5,3,-90,65933,2.8436
4,False,5,4,-100,72705,3.47344
4,False,5,5,-110,35002,2.11294
4,False,5,6,-110,23869,1.63012
4,False,5,7,-110,20506,0.921476
4,False,5,8,-990,32256,1.39181
4,False,5,9,-990,24983,1.10528
0,False,5,1,-100,65624,2.33162
0,False,5,2,-100,9716,0.315123
0,False,5,3,-230,67677,3.35235
0,False,5,4,-1080,72878,3.16549
0,False,5,5,-1080,136235,6.7106
0,False,5,6,-1080,125079,7.40775
0,False,5,7,-1080,136235,6.60681
0,False,5,8,-1080,125079,7.5382
0,False,5,9,-1080,136235,6.20711
0,False,5,10,-1080,125079,6.36363
0,False,5,11,-1080,136235,6.66438
0,False,5,12,-1080,125079,6.44056
0,False,5,13,-1080,136235,7.04524
0,False,5,14,-1080,125079,6.58172
0,False,5,15,-1080,136235,7.44863
0,False,5,16,-1080,125079,6.80668
0,False,5,17,-1080,136235,7.91235
0,False,5,18,-1080,125079,7.08103
0,False,5,19,-1080,136235,8.02581
0,False,5,20,-1080,125079,7.1151
0,False,5,21,-1080,136235,8.235
0,False,5,22,-1080,125079,8.34983
0,False,5,23,-1080,136235,9.82255
0,False,5,24,-1080,125079,9.20872
0,False,5,25,-1080,136235,8.62164
0,False,5,26,-1080,125079,8.35399
0,False,5,27,-1080,136235,9.95486
0,False,5,28,-1080,63128,5.15172
0,False,5,29,-1080,9821,0.704192
