Endgame, White, Parameter, Move,processing_time
2,False,2,1,0.000308
2,False,2,2,0.0003465
2,False,2,3,0.0003251
2,False,2,4,0.0003141
2,False,2,5,0.0003256
2,False,2,6,0.0002777
2,False,2,7,0.0003162
2,False,2,8,0.0003186
2,False,2,9,0.0003547
2,False,2,10,0.0003248
2,False,2,11,0.0002806
2,False,2,12,0.000254
2,False,2,13,0.0002105
2,False,2,14,0.0002768
2,False,2,15,0.0002148
2,False,2,16,0.0004242
2,False,2,17,0.0002443
2,False,2,18,0.0002915
2,False,2,19,0.0002407
2,False,2,20,0.0003063
2,False,2,21,0.0002522
2,False,2,22,0.0003198
2,False,2,23,0.0002773
2,False,2,24,0.0003341
2,False,2,25,0.0002749
2,False,2,26,0.0003484
2,False,2,27,0.0002864
2,False,2,28,0.0003611
2,False,2,29,0.0002974
2,False,2,30,0.000378
2,False,2,31,0.000309
2,False,2,32,0.0003934
2,False,2,33,0.0003209
2,False,2,34,0.0004077
2,False,2,35,0.0015442
2,False,2,36,0.001966
2,False,2,37,0.0016727
2,False,2,38,0.0017308
2,False,2,39,0.0012009
2,False,2,40,0.0022966
2,False,2,41,0.0015922
2,False,2,42,0.002253
2,False,2,43,0.0015742
2,False,2,44,0.0023063
2,False,2,45,0.0016476
2,False,2,46,0.0022247
2,False,2,47,0.0014758
2,False,2,48,0.003066
2,False,2,49,0.0040561
2,False,2,50,0.0044498
2,False,2,51,0.0025851
2,False,2,52,0.0048179
2,False,2,53,0.0025198
2,False,2,54,0.0050106
2,False,2,55,0.0032603
2,False,2,56,0.0057122
2,False,2,57,0.0031568
2,False,2,58,0.0052103
2,False,2,59,0.0044517
2,False,2,60,0.0062606
2,False,2,61,0.0031375
2,False,2,62,0.005983
2,False,2,63,0.0032463
2,False,2,64,0.0060207
2,False,2,65,0.0032477
2,False,2,66,0.006125
2,False,2,67,0.0033922
2,False,2,68,0.0065746
2,False,2,69,0.0039423
2,False,2,70,0.0064665
2,False,2,71,0.0035086
2,False,2,72,0.0073423
2,False,2,73,0.0038287
2,False,2,74,0.002405
2,False,2,75,0.0069077
2,False,2,76,0.0092507
2,False,2,77,0.0096965
2,False,2,78,0.0103482
2,False,2,79,0.0090368
2,False,2,80,0.0043973
2,False,2,81,0.0056456
2,False,2,82,0.0202575
2,False,2,83,0.011526
2,False,2,84,0.01132
2,False,2,85,0.0144314
2,False,2,86,0.0124678
2,False,2,87,0.0136599
2,False,2,88,0.0148407
2,False,2,89,0.0162225
2,False,2,90,0.0142723
2,False,2,91,0.0153982
2,False,2,92,0.0161504
2,False,2,93,0.0149151
2,False,2,94,0.0145121
2,False,2,95,0.0176269
2,False,2,96,0.0159717
2,False,2,97,0.019203
2,False,2,98,0.0218557
2,False,2,99,0.0187917
2,False,2,100,0.0170745
2,False,2,101,0.0174244
2,False,2,102,0.0179491
2,False,2,103,0.0178564
2,False,2,104,0.0183912
2,False,2,105,0.018961
2,False,2,106,0.0272008
2,False,2,107,0.0048929
2,False,2,108,0.0271271
2,False,2,109,0.0601623
2,False,2,110,0.0331335
2,False,2,111,0.0349728
2,False,2,112,0.0758344
2,False,2,113,0.086346
2,False,2,114,0.188943
2,False,2,115,0.0738189
2,False,2,116,0.121675
2,False,2,117,0.43963
2,False,2,118,0.0713213
2,False,2,119,0.0738218
2,False,2,120,0.186522
2,False,2,121,0.0653591
2,False,2,122,0.121077
2,False,2,123,0.0518922
2,False,2,124,0.0483832
2,False,2,125,0.0633604
2,False,2,126,0.0489096
2,False,2,127,0.0651075
2,False,2,128,0.0545185
2,False,2,129,0.0653324
2,False,2,130,0.050928
2,False,2,131,0.0715579
2,False,2,132,0.0530358
2,False,2,133,0.0679132
2,False,2,134,0.0626347
2,False,2,135,0.0767772
2,False,2,136,0.0587535
2,False,2,137,0.0799923
2,False,2,138,0.0607045
2,False,2,139,0.0832355
2,False,2,140,0.0639101
2,False,2,141,0.088924
2,False,2,142,0.0674816
2,False,2,143,0.0854256
2,False,2,144,0.0158664
2,False,2,145,0.162681
2,False,2,146,0.165082
2,False,2,147,0.699302
2,False,2,148,0.36172
2,False,2,149,0.122059
2,False,2,150,0.103583
2,False,2,151,0.131227
2,False,2,152,0.112575
2,False,2,153,0.128135
2,False,2,154,0.114933
2,False,2,155,0.136427
2,False,2,156,0.118721
2,False,2,157,0.136468
2,False,2,158,0.124293
2,False,2,159,0.139532
2,False,2,160,0.128758
2,False,2,161,0.143903
2,False,2,162,0.128514
2,False,2,163,0.142544
2,False,2,164,0.130722
2,False,2,165,0.147547
2,False,2,166,0.130172
2,False,2,167,0.150049
2,False,2,168,0.136336
2,False,2,169,0.0829358
2,False,2,170,0.224878
2,False,2,171,0.125444
2,False,2,172,0.127889
2,False,2,173,0.12007
2,False,2,174,0.125869
2,False,2,175,0.131749
2,False,2,176,0.123569
2,False,2,177,0.13445
2,False,2,178,0.131266
2,False,2,179,0.143936
2,False,2,180,0.127861
2,False,2,181,0.140324
2,False,2,182,0.134968
2,False,2,183,0.133713
2,False,2,184,0.153632
2,False,2,185,0.147374
2,False,2,186,0.139252
2,False,2,187,0.140836
2,False,2,188,0.134367
2,False,2,189,0.149816
2,False,2,190,0.147087
2,False,2,191,0.148166
2,False,2,192,0.16349
2,False,2,193,0.148235
2,False,2,194,0.0463127
2,False,2,195,0.150946
2,False,2,196,0.225083
2,False,2,197,0.150427
2,False,2,198,0.281093
2,False,2,199,0.146596
2,False,2,200,0.272981
2,False,2,201,0.15145
2,False,2,202,0.280959
2,False,2,203,0.157224
2,False,2,204,0.285963
2,False,2,205,0.158384
2,False,2,206,0.291014
2,False,2,207,0.153081
2,False,2,208,0.295373
2,False,2,209,0.167856
2,False,2,210,0.305546
2,False,2,211,0.167638
2,False,2,212,0.300224
2,False,2,213,0.167072
2,False,2,214,0.29806
2,False,2,215,0.167408
2,False,2,216,0.329667
2,False,2,217,0.166505
2,False,2,218,0.311112
2,False,2,219,0.0683188
2,False,2,220,0.365386
2,False,2,221,2.15428
2,False,2,222,0.535862
2,False,2,223,0.267382
2,False,2,224,0.222817
2,False,2,225,0.222796
2,False,2,226,0.219308
2,False,2,227,0.213395
2,False,2,228,0.221798
2,False,2,229,0.214724
2,False,2,230,0.225635
2,False,2,231,0.219259
2,False,2,232,0.229548
2,False,2,233,0.217233
2,False,2,234,0.236135
2,False,2,235,0.236126
2,False,2,236,0.250512
2,False,2,237,0.239161
2,False,2,238,0.235817
2,False,2,239,0.23356
2,False,2,240,0.24069
2,False,2,241,0.243894
2,False,2,242,0.245013
2,False,2,243,0.236897
2,False,2,244,0.0882006
2,False,2,245,0.499904
2,False,2,246,0.666413
2,False,2,247,0.342237
2,False,2,248,0.649651
2,False,2,249,0.335748
2,False,2,250,0.645125
2,False,2,251,0.343865
2,False,2,252,0.702432
2,False,2,253,0.348312
2,False,2,254,0.666065
2,False,2,255,0.356378
2,False,2,256,0.676317
2,False,2,257,0.366063
2,False,2,258,0.70923
2,False,2,259,0.348209
2,False,2,260,0.689289
2,False,2,261,0.357024
2,False,2,262,0.711343
2,False,2,263,0.375239
2,False,2,264,0.710927
2,False,2,265,0.369548
2,False,2,266,0.708038
2,False,2,267,0.364042
2,False,2,268,0.747959
2,False,2,269,0.16866
2,False,2,270,0.0017937
2,False,2,271,0.105237
2,False,2,272,0.129992
2,False,2,273,0.0632932
2,False,2,274,0.0968667
2,False,2,275,0.217428
2,False,2,276,0.144685
2,False,2,277,0.272922
2,False,2,278,0.135638
2,False,2,279,0.108322
2,False,2,280,0.12721
2,False,2,281,0.198417
2,False,2,282,0.129045
2,False,2,283,0.0917928
2,False,2,284,0.202859
2,False,2,285,0.250547
2,False,2,286,0.547224
2,False,2,287,0.439453
2,False,2,288,0.22974
2,False,2,289,0.468476
2,False,2,290,0.235028
2,False,2,291,0.476503
2,False,2,292,0.248264
2,False,2,293,0.523668
2,False,2,294,0.266591
2,False,2,295,0.523224
2,False,2,296,0.275423
2,False,2,297,0.533445
2,False,2,298,0.281892
2,False,2,299,0.565845
2,False,2,300,0.295137
2,False,2,301,0.608477
2,False,2,302,0.293026
2,False,2,303,0.615243
2,False,2,304,0.313029
2,False,2,305,0.661428
2,False,2,306,0.344263
2,False,2,307,0.671265
2,False,2,308,0.331073
2,False,2,309,0.689641
2,False,2,310,0.314806
2,False,2,311,0.566459
2,False,2,312,0.490011
2,False,2,313,0.646497
2,False,2,314,0.440836
2,False,2,315,0.477631
2,False,2,316,0.62034
2,False,2,317,0.487129
2,False,2,318,0.65912
2,False,2,319,0.529243
2,False,2,320,0.654031
2,False,2,321,0.50418
2,False,2,322,0.689416
2,False,2,323,0.540129
2,False,2,324,0.704072
2,False,2,325,0.542347
2,False,2,326,0.714863
2,False,2,327,0.550665
2,False,2,328,0.748321
2,False,2,329,0.585228
2,False,2,330,0.762241
2,False,2,331,0.582874
2,False,2,332,0.788674
2,False,2,333,0.608793
2,False,2,334,0.781507
2,False,2,335,0.604435
2,False,2,336,0.788284
2,False,2,337,0.469261
2,False,2,338,0.71358
2,False,2,339,3.0447
2,False,2,340,3.9776
2,False,2,341,3.43488
2,False,2,342,4.24952
2,False,2,343,0.0002781
2,False,2,344,0.0002996
2,False,2,345,0.0002365
2,False,2,346,0.0002513
2,False,2,347,0.0002391
2,False,2,348,0.0002726
2,False,2,349,0.0002312
2,False,2,350,0.0002463
2,False,2,351,0.0002325
2,False,2,352,0.0002542
2,False,2,353,0.0004416
2,False,2,354,0.0002803
2,False,2,355,0.0002545
2,False,2,356,0.0002102
2,False,2,357,0.0003009
2,False,2,358,0.0002243
2,False,2,359,0.0003032
2,False,2,360,0.0002358
2,False,2,361,0.0003186
2,False,2,362,0.0002491
2,False,2,363,0.000314
2,False,2,364,0.0002742
2,False,2,365,0.0003272
2,False,2,366,0.0002899
2,False,2,367,0.0003424
2,False,2,368,0.0002986
2,False,2,369,0.0003774
2,False,2,370,0.0003115
2,False,2,371,0.0003695
2,False,2,372,0.0003041
2,False,2,373,0.0003847
2,False,2,374,0.0003183
2,False,2,375,0.0004019
2,False,2,376,0.0003297
2,False,2,377,0.000509
2,False,2,378,0.000435
2,False,2,379,0.000355
2,False,2,380,0.0004432
2,False,2,381,0.0004918
2,False,2,382,0.0006755
2,False,2,383,0.0003559
2,False,2,384,0.0004499
2,False,2,385,0.0003664
2,False,2,386,0.0006016
2,False,2,387,0.0007088
2,False,2,388,0.0005088
2,False,2,389,0.000389
2,False,2,390,0.0004936
2,False,2,391,0.0004023
2,False,2,392,0.0005319
2,False,2,393,0.0004332
2,False,2,394,0.0005436
2,False,2,395,0.0005925
2,False,2,396,0.0005347
2,False,2,397,0.0004354
2,False,2,398,0.000549
2,False,2,399,0.0004469
2,False,2,400,0.0005637
2,False,2,401,0.0004849
2,False,2,402,0.0006057
2,False,2,403,0.0014327
2,False,2,404,0.0020108
2,False,2,405,0.002498
2,False,2,406,0.0020862
2,False,2,407,0.0015845
2,False,2,408,0.0016421
2,False,2,409,0.0033468
2,False,2,410,0.0041502
2,False,2,411,0.0028728
2,False,2,412,0.0033379
2,False,2,413,0.0023528
2,False,2,414,0.0017743
2,False,2,415,0.0032628
2,False,2,416,0.0016358
2,False,2,417,0.0029799
2,False,2,418,0.0015691
2,False,2,419,0.0027332
2,False,2,420,0.0016571
2,False,2,421,0.0027592
2,False,2,422,0.0017505
2,False,2,423,0.0027096
2,False,2,424,0.0017767
2,False,2,425,0.0050168
2,False,2,426,0.0017717
2,False,2,427,0.0033957
2,False,2,428,0.0018251
2,False,2,429,0.0029971
2,False,2,430,0.0018869
2,False,2,431,0.003252
2,False,2,432,0.0019448
2,False,2,433,0.0031888
2,False,2,434,0.0020158
2,False,2,435,0.0034359
2,False,2,436,0.0022815
2,False,2,437,0.0049729
2,False,2,438,0.0029134
2,False,2,439,0.0030217
2,False,2,440,0.0077832
2,False,2,441,0.0041173
2,False,2,442,0.0069006
2,False,2,443,0.0075166
2,False,2,444,0.0075543
2,False,2,445,0.0084605
2,False,2,446,0.0042171
2,False,2,447,0.0086007
2,False,2,448,0.0068292
2,False,2,449,0.0064332
2,False,2,450,0.0107933
2,False,2,451,0.0084414
2,False,2,452,0.0107521
2,False,2,453,0.007784
2,False,2,454,0.0109149
2,False,2,455,0.0085347
2,False,2,456,0.0111364
2,False,2,457,0.0085062
2,False,2,458,0.011706
2,False,2,459,0.011689
2,False,2,460,0.0127803
2,False,2,461,0.0090541
2,False,2,462,0.0132799
2,False,2,463,0.0095927
2,False,2,464,0.0133219
2,False,2,465,0.0100428
2,False,2,466,0.0158967
2,False,2,467,0.0125423
2,False,2,468,0.0207506
2,False,2,469,0.0107908
2,False,2,470,0.0150955
2,False,2,471,0.0116317
2,False,2,472,0.0175505
2,False,2,473,0.0139559
2,False,2,474,0.0109599
2,False,2,475,0.018039
2,False,2,476,0.0041403
2,False,2,477,0.0112945
2,False,2,478,0.0122484
2,False,2,479,0.0352614
2,False,2,480,0.0186238
2,False,2,481,0.0288368
2,False,2,482,0.0151436
2,False,2,483,0.0157755
2,False,2,484,0.017195
2,False,2,485,0.0137112
2,False,2,486,0.0219876
2,False,2,487,0.0148951
2,False,2,488,0.016444
2,False,2,489,0.0176102
2,False,2,490,0.0174557
2,False,2,491,0.0172564
2,False,2,492,0.0178615
2,False,2,493,0.0164707
2,False,2,494,0.01798
2,False,2,495,0.0166438
2,False,2,496,0.020759
2,False,2,497,0.0161316
2,False,2,498,0.0190769
2,False,2,499,0.0197335
2,False,2,500,0.0190646
2,False,2,501,0.0167864
2,False,2,502,0.0252902
2,False,2,503,0.0173737
2,False,2,504,0.007339
2,False,2,505,0.0131535
2,False,2,506,0.0137118
2,False,2,507,0.0129036
2,False,2,508,0.0127741
2,False,2,509,0.0148251
2,False,2,510,0.0135254
2,False,2,511,0.0165759
2,False,2,512,0.0143678
2,False,2,513,0.0158183
2,False,2,514,0.013441
2,False,2,515,0.0144796
2,False,2,516,0.0163098
2,False,2,517,0.0164719
2,False,2,518,0.0153432
2,False,2,519,0.0157007
2,False,2,520,0.0155244
2,False,2,521,0.0179087
2,False,2,522,0.0148438
2,False,2,523,0.0190357
2,False,2,524,0.0170429
2,False,2,525,0.0163494
2,False,2,526,0.0161091
2,False,2,527,0.016565
2,False,2,528,0.0185339
2,False,2,529,0.0084172
2,False,2,530,0.015152
2,False,2,531,0.0182515
2,False,2,532,0.0101108
2,False,2,533,0.02594
2,False,2,534,0.0340172
2,False,2,535,0.0562289
2,False,2,536,0.0524574
2,False,2,537,0.0287295
2,False,2,538,0.0151346
2,False,2,539,0.0317078
2,False,2,540,0.0706138
2,False,2,541,0.0335165
2,False,2,542,0.0421422
2,False,2,543,0.0380178
2,False,2,544,0.24412
2,False,2,545,0.195457
2,False,2,546,0.0603912
2,False,2,547,0.0707847
2,False,2,548,0.0441477
2,False,2,549,0.050961
2,False,2,550,0.0453917
2,False,2,551,0.0563625
2,False,2,552,0.0452453
2,False,2,553,0.0532623
2,False,2,554,0.0450669
2,False,2,555,0.0590805
2,False,2,556,0.0503053
2,False,2,557,0.0651287
2,False,2,558,0.0482031
2,False,2,559,0.0620579
2,False,2,560,0.0531435
2,False,2,561,0.0681939
2,False,2,562,0.0517109
2,False,2,563,0.0670298
2,False,2,564,0.0551035
2,False,2,565,0.0720795
2,False,2,566,0.0612595
2,False,2,567,0.0670661
2,False,2,568,0.0659457
2,False,2,569,0.0323635
2,False,2,570,0.26249
2,False,2,571,0.426613
2,False,2,572,0.578866
2,False,2,573,0.469624
2,False,2,574,0.269847
2,False,2,575,0.60614
2,False,2,576,0.541355
2,False,2,577,0.498317
2,False,2,578,0.282673
2,False,2,579,0.640245
2,False,2,580,0.567391
2,False,2,581,0.523505
2,False,2,582,0.296926
2,False,2,583,0.660327
2,False,2,584,0.601956
2,False,2,585,0.542403
2,False,2,586,0.305943
2,False,2,587,0.695204
2,False,2,588,0.636524
2,False,2,589,0.57839
2,False,2,590,0.329122
2,False,2,591,0.742976
2,False,2,592,0.656445
2,False,2,593,0.601505
2,False,2,594,0.155187
2,False,2,595,0.361403
2,False,2,596,0.343545
2,False,2,597,0.221133
2,False,2,598,0.765252
2,False,2,599,0.684051
2,False,2,600,0.614729
2,False,2,601,0.313169
2,False,2,602,0.801483
2,False,2,603,0.69992
2,False,2,604,0.637628
2,False,2,605,0.319851
2,False,2,606,0.843992
2,False,2,607,0.735858
2,False,2,608,0.789504
2,False,2,609,0.334541
2,False,2,610,0.871633
2,False,2,611,0.766623
2,False,2,612,0.689814
2,False,2,613,0.358848
2,False,2,614,0.909015
2,False,2,615,0.797261
2,False,2,616,0.740991
2,False,2,617,0.361154
2,False,2,618,0.925641
2,False,2,619,0.216651
2,False,2,620,0.532914
2,False,2,621,0.759266
2,False,2,622,0.607967
2,False,2,623,0.356252
2,False,2,624,0.774079
2,False,2,625,0.621341
2,False,2,626,0.637086
2,False,2,627,0.361436
2,False,2,628,0.809141
2,False,2,629,0.626692
2,False,2,630,0.639031
2,False,2,631,0.383651
2,False,2,632,0.812132
2,False,2,633,0.647702
2,False,2,634,0.667013
2,False,2,635,0.394029
2,False,2,636,0.848215
2,False,2,637,0.673162
2,False,2,638,0.712596
2,False,2,639,0.407274
2,False,2,640,0.867665
2,False,2,641,0.689884
2,False,2,642,0.706456
2,False,2,643,0.411857
2,False,2,644,0.229045
2,False,2,645,0.0862335
2,False,2,646,0.116041
2,False,2,647,0.135566
2,False,2,648,0.156706
2,False,2,649,0.111396
2,False,2,650,0.119811
2,False,2,651,0.143184
2,False,2,652,0.157113
2,False,2,653,0.108553
2,False,2,654,0.117383
2,False,2,655,0.148912
2,False,2,656,0.159361
2,False,2,657,0.113077
2,False,2,658,0.121257
2,False,2,659,0.149642
2,False,2,660,0.170052
2,False,2,661,0.117598
2,False,2,662,0.124599
2,False,2,663,0.157037
2,False,2,664,0.176463
2,False,2,665,0.120097
2,False,2,666,0.136482
2,False,2,667,0.159385
2,False,2,668,0.172514
2,False,2,669,0.02203
2,False,2,670,0.245336
2,False,2,671,0.248336
2,False,2,672,0.22566
2,False,2,673,0.107056
2,False,2,674,0.0904051
2,False,2,675,0.0826295
2,False,2,676,0.054001
2,False,2,677,0.0384104
2,False,2,678,0.0554277
2,False,2,679,0.159495
2,False,2,680,0.131832
2,False,2,681,0.556598
2,False,2,682,0.332082
2,False,2,683,0.570847
2,False,2,684,0.322074
2,False,2,685,0.586785
2,False,2,686,0.330085
2,False,2,687,0.608563
2,False,2,688,0.353249
2,False,2,689,0.650724
2,False,2,690,0.371964
2,False,2,691,0.674222
2,False,2,692,0.385381
2,False,2,693,0.691013
2,False,2,694,0.395247
2,False,2,695,0.747516
2,False,2,696,0.413331
2,False,2,697,0.744316
2,False,2,698,0.429843
2,False,2,699,0.776494
2,False,2,700,0.456145
2,False,2,701,0.867335
2,False,2,702,0.451945
2,False,2,703,0.850513
2,False,2,704,0.218797
2,False,2,705,0.229345
2,False,2,706,0.0001408
2,False,2,707,0.0002598
2,False,2,708,0.0002513
2,False,2,709,0.0002215
2,False,2,710,0.0002333
2,False,2,711,0.000265
2,False,2,712,0.0002154
2,False,2,713,0.0002432
2,False,2,714,0.000718
2,False,2,715,0.0001957
2,False,2,716,0.0002566
2,False,2,717,0.0001901
2,False,2,718,0.0002378
2,False,2,719,0.0003447
2,False,2,720,0.0006399
2,False,2,721,0.0003191
2,False,2,722,0.0002417
2,False,2,723,0.0002706
2,False,2,724,0.0002533
2,False,2,725,0.0003506
2,False,2,726,0.0002665
2,False,2,727,0.0002895
2,False,2,728,0.0002797
2,False,2,729,0.0002853
2,False,2,730,0.0005964
2,False,2,731,0.0002994
2,False,2,732,0.000305
2,False,2,733,0.0005707
2,False,2,734,0.0003357
2,False,2,735,0.0003442
2,False,2,736,0.0003491
2,False,2,737,0.0003576
2,False,2,738,0.0003469
2,False,2,739,0.0003741
2,False,2,740,0.00036
2,False,2,741,0.000406
2,False,2,742,0.0003931
2,False,2,743,0.0005403
2,False,2,744,0.0004393
2,False,2,745,0.0003913
2,False,2,746,0.0004862
2,False,2,747,0.0004077
2,False,2,748,0.0005033
2,False,2,749,0.0004656
2,False,2,750,0.0005181
2,False,2,751,0.0004808
2,False,2,752,0.000533
2,False,2,753,0.0004939
2,False,2,754,0.0005501
2,False,2,755,0.0005351
2,False,2,756,0.0011548
2,False,2,757,0.0005217
2,False,2,758,0.0005797
2,False,2,759,0.000536
2,False,2,760,0.0005927
2,False,2,761,0.0005504
2,False,2,762,0.0006486
2,False,2,763,0.0005632
2,False,2,764,0.0006626
2,False,2,765,0.000576
2,False,2,766,0.000733
2,False,2,767,0.0005935
2,False,2,768,0.0006892
2,False,2,769,0.000721
2,False,2,770,0.0007482
2,False,2,771,0.0005903
2,False,2,772,0.0007236
2,False,2,773,0.0004388
2,False,2,774,0.0006957
2,False,2,775,0.0005405
2,False,2,776,0.0005393
2,False,2,777,0.0005521
2,False,2,778,0.0005247
2,False,2,779,0.0006708
2,False,2,780,0.0005369
2,False,2,781,0.0005698
2,False,2,782,0.000581
2,False,2,783,0.0005804
2,False,2,784,0.0005575
2,False,2,785,0.0006424
2,False,2,786,0.0005727
2,False,2,787,0.0005767
2,False,2,788,0.0005817
2,False,2,789,0.000801
2,False,2,790,0.0005916
2,False,2,791,0.0006032
2,False,2,792,0.0006033
2,False,2,793,0.0006115
2,False,2,794,0.0006311
2,False,2,795,0.0006939
2,False,2,796,0.0006268
2,False,2,797,0.0006349
2,False,2,798,0.0006586
2,False,2,799,0.0007298
2,False,2,800,0.0006311
2,False,2,801,0.0005847
2,False,2,802,0.0006419
2,False,2,803,0.000568
2,False,2,804,0.0007439
2,False,2,805,0.0006073
2,False,2,806,0.0010937
2,False,2,807,0.0005862
2,False,2,808,0.0007066
2,False,2,809,0.0005968
2,False,2,810,0.000689
2,False,2,811,0.0006071
2,False,2,812,0.0006997
2,False,2,813,0.0006931
2,False,2,814,0.0007359
2,False,2,815,0.0006282
2,False,2,816,0.0007674
2,False,2,817,0.0006752
2,False,2,818,0.0008154
2,False,2,819,0.0006463
2,False,2,820,0.0007462
2,False,2,821,0.0007286
2,False,2,822,0.0007577
2,False,2,823,2.31e-05
2,False,2,824,0.0022876
2,False,2,825,0.0015627
2,False,2,826,0.0015391
2,False,2,827,0.0021747
2,False,2,828,0.0021226
2,False,2,829,0.0014073
2,False,2,830,0.0024111
2,False,2,831,0.0028524
2,False,2,832,0.0061034
2,False,2,833,0.0066775
2,False,2,834,0.0076799
2,False,2,835,0.0049027
2,False,2,836,0.0052408
2,False,2,837,0.0067954
2,False,2,838,0.0063561
2,False,2,839,0.0056754
2,False,2,840,0.0081296
2,False,2,841,0.0066814
2,False,2,842,0.0073569
2,False,2,843,0.0084907
2,False,2,844,0.007831
2,False,2,845,0.0075166
2,False,2,846,0.0103254
2,False,2,847,0.0072233
2,False,2,848,0.0082459
2,False,2,849,0.0091713
2,False,2,850,0.0078596
2,False,2,851,0.0080087
2,False,2,852,0.0097882
2,False,2,853,0.0086129
2,False,2,854,0.0081693
2,False,2,855,0.0105609
2,False,2,856,0.0105345
2,False,2,857,0.00927
2,False,2,858,0.0090337
2,False,2,859,0.011365
2,False,2,860,0.0047379
2,False,2,861,0.0100884
2,False,2,862,0.0115557
2,False,2,863,0.0125765
2,False,2,864,0.014022
2,False,2,865,0.0118693
2,False,2,866,0.0124943
2,False,2,867,0.0146645
2,False,2,868,0.0124707
2,False,2,869,0.0117111
2,False,2,870,0.0156725
2,False,2,871,0.0125056
2,False,2,872,0.0133412
2,False,2,873,0.0132336
2,False,2,874,0.0137794
2,False,2,875,0.0134737
2,False,2,876,0.0134878
2,False,2,877,0.0146368
2,False,2,878,0.0150214
2,False,2,879,0.0143071
2,False,2,880,0.0150538
2,False,2,881,0.0143502
2,False,2,882,0.015248
2,False,2,883,0.0143644
2,False,2,884,0.0156808
2,False,2,885,0.0072853
2,False,2,886,0.016606
2,False,2,887,0.0168046
2,False,2,888,0.0147976
2,False,2,889,0.0151788
2,False,2,890,0.016742
2,False,2,891,0.0150921
2,False,2,892,0.0154347
2,False,2,893,0.0162041
2,False,2,894,0.0183828
2,False,2,895,0.0156341
2,False,2,896,0.015802
2,False,2,897,0.0170465
2,False,2,898,0.0160198
2,False,2,899,0.0176552
2,False,2,900,0.0174675
2,False,2,901,0.0188167
2,False,2,902,0.0163899
2,False,2,903,0.0173251
2,False,2,904,0.0180392
2,False,2,905,0.0205447
2,False,2,906,0.0258462
2,False,2,907,0.0322689
2,False,2,908,0.0202413
2,False,2,909,0.0181097
2,False,2,910,0.0070149
2,False,2,911,0.006363
2,False,2,912,0.0213352
2,False,2,913,0.0150574
2,False,2,914,0.0175812
2,False,2,915,0.0205227
2,False,2,916,0.0177567
2,False,2,917,0.0161389
2,False,2,918,0.0185658
2,False,2,919,0.0171417
2,False,2,920,0.0210744
2,False,2,921,0.0165741
2,False,2,922,0.0200936
2,False,2,923,0.018253
2,False,2,924,0.0192808
2,False,2,925,0.0171495
2,False,2,926,0.0198273
2,False,2,927,0.0166184
2,False,2,928,0.0211494
2,False,2,929,0.0200366
2,False,2,930,0.0204573
2,False,2,931,0.0214239
2,False,2,932,0.0215154
2,False,2,933,0.0184203
2,False,2,934,0.0249278
2,False,2,935,0.0108539
2,False,2,936,0.0234402
2,False,2,937,0.0257666
2,False,2,938,0.0178782
2,False,2,939,0.0179732
2,False,2,940,0.0247042
2,False,2,941,0.0216837
2,False,2,942,0.0226204
2,False,2,943,0.0188098
2,False,2,944,0.0228348
2,False,2,945,0.0197025
2,False,2,946,0.0246557
2,False,2,947,0.0233114
2,False,2,948,0.0250817
2,False,2,949,0.0201811
2,False,2,950,0.0239453
2,False,2,951,0.0241754
2,False,2,952,0.0250877
2,False,2,953,0.0198549
2,False,2,954,0.0251297
2,False,2,955,0.0289462
2,False,2,956,0.0250855
2,False,2,957,0.0215097
2,False,2,958,0.0271836
2,False,2,959,0.022308
2,False,2,960,0.0107405
2,False,2,961,0.0265436
2,False,2,962,0.024258
2,False,2,963,0.0268992
2,False,2,964,0.0277241
2,False,2,965,0.0265809
2,False,2,966,0.0250298
2,False,2,967,0.0264445
2,False,2,968,0.0278598
2,False,2,969,0.0263312
2,False,2,970,0.0276067
2,False,2,971,0.029457
2,False,2,972,0.0263291
2,False,2,973,0.0284604
2,False,2,974,0.0291642
2,False,2,975,0.026764
2,False,2,976,0.0275599
2,False,2,977,0.0278489
2,False,2,978,0.0294671
2,False,2,979,0.0357918
2,False,2,980,0.0268928
2,False,2,981,0.0289782
2,False,2,982,0.0338894
2,False,2,983,0.0285585
2,False,2,984,0.0288566
2,False,2,985,0.0280687
2,False,2,986,0.0001431
2,False,2,987,0.0123451
2,False,2,988,0.0149412
2,False,2,989,0.0129491
2,False,2,990,0.0173108
2,False,2,991,0.0136989
2,False,2,992,0.0122332
2,False,2,993,0.0091887
2,False,2,994,0.016488
2,False,2,995,0.0198065
2,False,2,996,0.0135486
2,False,2,997,0.0138831
2,False,2,998,0.108389
2,False,2,999,0.0535391
2,False,2,1000,0.0368454
2,False,2,1001,0.043889
2,False,2,1002,0.0358024
2,False,2,1003,0.0479092
2,False,2,1004,0.0328545
2,False,2,1005,0.0526768
2,False,2,1006,0.0323607
2,False,2,1007,0.0519436
2,False,2,1008,0.0344418
2,False,2,1009,0.0591978
2,False,2,1010,0.0389541
2,False,2,1011,0.0586039
2,False,2,1012,0.0388258
2,False,2,1013,0.0611614
2,False,2,1014,0.038758
2,False,2,1015,0.0665554
2,False,2,1016,0.0387582
2,False,2,1017,0.0636264
2,False,2,1018,0.0432852
2,False,2,1019,0.0701146
2,False,2,1020,0.0473732
2,False,2,1021,0.071236
2,False,2,1022,0.0448344
2,False,2,1023,0.0333281
2,False,2,1024,0.145101
2,False,2,1025,0.132842
2,False,2,1026,0.160501
2,False,2,1027,0.144264
2,False,2,1028,0.16568
2,False,2,1029,0.166099
2,False,2,1030,0.142814
2,False,2,1031,0.154713
2,False,2,1032,0.17572
2,False,2,1033,0.175148
2,False,2,1034,0.147561
2,False,2,1035,0.160235
2,False,2,1036,0.177413
2,False,2,1037,0.178787
2,False,2,1038,0.167022
2,False,2,1039,0.170058
2,False,2,1040,0.187383
2,False,2,1041,0.190985
2,False,2,1042,0.171765
2,False,2,1043,0.179901
2,False,2,1044,0.199478
2,False,2,1045,0.195024
2,False,2,1046,0.183578
2,False,2,1047,0.18463
2,False,2,1048,0.0353338
2,False,2,1049,0.203783
2,False,2,1050,0.191127
2,False,2,1051,0.199795
2,False,2,1052,0.184743
2,False,2,1053,0.164557
2,False,2,1054,0.190383
2,False,2,1055,0.219851
2,False,2,1056,0.19454
2,False,2,1057,0.17134
2,False,2,1058,0.195925
2,False,2,1059,0.220266
2,False,2,1060,0.206438
2,False,2,1061,0.181287
2,False,2,1062,0.213995
2,False,2,1063,0.214578
2,False,2,1064,0.210377
2,False,2,1065,0.190438
2,False,2,1066,0.19986
2,False,2,1067,0.222127
2,False,2,1068,0.216722
2,False,2,1069,0.197374
2,False,2,1070,0.217105
2,False,2,1071,0.231653
2,False,2,1072,0.23452
2,False,2,1073,0.0424888
2,False,2,1074,0.200836
2,False,2,1075,0.253377
2,False,2,1076,0.220306
2,False,2,1077,0.181407
2,False,2,1078,0.24993
2,False,2,1079,0.208386
2,False,2,1080,0.230724
2,False,2,1081,0.201483
2,False,2,1082,0.259453
2,False,2,1083,0.20798
2,False,2,1084,0.239302
2,False,2,1085,0.191161
2,False,2,1086,0.261783
2,False,2,1087,0.214296
2,False,2,1088,0.254605
2,False,2,1089,0.198336
2,False,2,1090,0.280614
2,False,2,1091,0.221936
2,False,2,1092,0.257894
2,False,2,1093,0.204005
2,False,2,1094,0.281511
2,False,2,1095,0.2393
2,False,2,1096,0.295118
2,False,2,1097,0.217504
2,False,2,1098,0.0343924
2,False,2,1099,0.0664294
2,False,2,1100,0.116304
2,False,2,1101,0.10131
2,False,2,1102,0.12907
2,False,2,1103,0.0990198
2,False,2,1104,0.123042
2,False,2,1105,0.106253
2,False,2,1106,0.132326
2,False,2,1107,0.101652
2,False,2,1108,0.127718
2,False,2,1109,0.108328
2,False,2,1110,0.148644
2,False,2,1111,0.107408
2,False,2,1112,0.126152
2,False,2,1113,0.110215
2,False,2,1114,0.141731
2,False,2,1115,0.116578
2,False,2,1116,0.127375
2,False,2,1117,0.110781
2,False,2,1118,0.143076
2,False,2,1119,0.119665
2,False,2,1120,0.138775
2,False,2,1121,0.122642
2,False,2,1122,0.140033
2,False,2,1123,0.0144091
2,False,2,1124,0.21258
2,False,2,1125,0.22947
2,False,2,1126,0.220943
2,False,2,1127,0.0282411
2,False,2,1128,0.0516817
2,False,2,1129,0.0598969
2,False,2,1130,0.0664703
2,False,2,1131,0.0545652
2,False,2,1132,0.0164205
2,False,2,1133,0.145009
2,False,2,1134,0.106614
2,False,2,1135,0.193204
2,False,2,1136,0.127728
2,False,2,1137,0.166781
2,False,2,1138,0.372435
2,False,2,1139,0.373699
2,False,2,1140,0.305223
2,False,2,1141,0.280439
2,False,2,1142,0.285127
2,False,2,1143,0.289944
2,False,2,1144,0.150269
2,False,2,1145,0.317443
2,False,2,1146,0.159013
2,False,2,1147,0.336212
2,False,2,1148,0.168854
2,False,2,1149,0.340657
2,False,2,1150,0.171746
2,False,2,1151,0.373594
2,False,2,1152,0.181369
2,False,2,1153,0.379488
2,False,2,1154,0.191684
2,False,2,1155,0.405213
2,False,2,1156,0.201715
2,False,2,1157,0.420708
2,False,2,1158,0.213111
2,False,2,1159,0.447835
2,False,2,1160,0.222123
2,False,2,1161,0.456159
2,False,2,1162,0.23228
2,False,2,1163,0.470495
2,False,2,1164,0.235918
2,False,2,1165,0.208318
2,False,2,1166,0.0037317
2,False,2,1167,0.18336
2,False,2,1168,0.217642
2,False,2,1169,0.223178
2,False,2,1170,0.166134
2,False,2,1171,0.369053
2,False,2,1172,1.16552
2,False,2,1173,0.556522
2,False,2,1174,1.01662
2,False,2,1175,2.68312
2,False,2,1176,3.49631
2,False,2,1177,3.02161
2,False,2,1178,3.35023
2,False,2,1179,0.0002561
2,False,2,1180,0.0002579
2,False,2,1181,0.0002268
2,False,2,1182,0.0002366
2,False,2,1183,0.0004027
2,False,2,1184,0.0002083
2,False,2,1185,0.0002374
2,False,2,1186,0.0002814
2,False,2,1187,0.0002465
2,False,2,1188,0.0002634
2,False,2,1189,0.0002576
2,False,2,1190,0.0002482
2,False,2,1191,0.0002048
2,False,2,1192,0.000263
2,False,2,1193,0.0005243
2,False,2,1194,0.0002801
2,False,2,1195,0.0002302
2,False,2,1196,0.0004569
2,False,2,1197,0.00028
2,False,2,1198,0.0003084
2,False,2,1199,0.0002537
2,False,2,1200,0.0003223
2,False,2,1201,0.0002643
2,False,2,1202,0.0003758
2,False,2,1203,0.0002763
2,False,2,1204,0.0003707
2,False,2,1205,0.0003536
2,False,2,1206,0.0003637
2,False,2,1207,0.0002984
2,False,2,1208,0.0003793
2,False,2,1209,0.0003115
2,False,2,1210,0.0004347
2,False,2,1211,0.0003826
2,False,2,1212,0.0004428
2,False,2,1213,0.0004816
2,False,2,1214,0.000454
2,False,2,1215,0.0004855
2,False,2,1216,0.0003838
2,False,2,1217,0.0004749
2,False,2,1218,0.0003967
2,False,2,1219,0.0004922
2,False,2,1220,0.0004088
2,False,2,1221,0.0005378
2,False,2,1222,0.0005351
2,False,2,1223,0.0005215
2,False,2,1224,0.000435
2,False,2,1225,0.000538
2,False,2,1226,0.0004478
2,False,2,1227,0.0005888
2,False,2,1228,0.0004614
2,False,2,1229,0.0006578
2,False,2,1230,0.0005036
2,False,2,1231,0.0005817
2,False,2,1232,0.000604
2,False,2,1233,0.0008942
2,False,2,1234,0.0004995
2,False,2,1235,0.0006171
2,False,2,1236,0.0005471
2,False,2,1237,0.0006841
2,False,2,1238,0.0005851
2,False,2,1239,0.0006478
2,False,2,1240,0.0005208
2,False,2,1241,0.0006307
2,False,2,1242,0.0004855
2,False,2,1243,0.000361
2,False,2,1244,0.0006447
2,False,2,1245,0.0003701
2,False,2,1246,0.0005589
2,False,2,1247,0.0004019
2,False,2,1248,0.0005312
2,False,2,1249,0.0003872
2,False,2,1250,0.0005561
2,False,2,1251,0.00041
2,False,2,1252,0.0005432
2,False,2,1253,0.0004036
2,False,2,1254,0.0005515
2,False,2,1255,0.0004134
2,False,2,1256,0.0010064
2,False,2,1257,0.0005082
2,False,2,1258,0.0005749
2,False,2,1259,0.0004312
2,False,2,1260,0.0006147
2,False,2,1261,0.0004394
2,False,2,1262,0.0006902
2,False,2,1263,0.0004475
2,False,2,1264,0.0006095
2,False,2,1265,0.0005959
2,False,2,1266,0.0005969
2,False,2,1267,0.0007562
2,False,2,1268,0.0006999
2,False,2,1269,0.0008211
2,False,2,1270,0.0007375
2,False,2,1271,0.0007852
2,False,2,1272,0.0006702
2,False,2,1273,0.0014266
2,False,2,1274,0.0006446
2,False,2,1275,0.0009653
2,False,2,1276,0.0006558
2,False,2,1277,0.0009142
2,False,2,1278,0.0007095
2,False,2,1279,0.0009818
2,False,2,1280,0.0006784
2,False,2,1281,0.0008562
2,False,2,1282,0.0009186
2,False,2,1283,0.0009268
2,False,2,1284,0.0006997
2,False,2,1285,0.0009211
2,False,2,1286,0.000713
2,False,2,1287,0.000964
2,False,2,1288,0.0007241
2,False,2,1289,0.0009786
2,False,2,1290,0.0007368
2,False,2,1291,0.000986
2,False,2,1292,0.0005603
2,False,2,1293,0.0006985
2,False,2,1294,0.0006693
2,False,2,1295,0.0006664
2,False,2,1296,0.0006651
2,False,2,1297,0.0007591
2,False,2,1298,0.000616
2,False,2,1299,0.0007621
2,False,2,1300,0.0006314
2,False,2,1301,0.0013501
2,False,2,1302,0.0006008
2,False,2,1303,0.0007469
2,False,2,1304,0.0006112
2,False,2,1305,0.0007215
2,False,2,1306,0.0006693
2,False,2,1307,0.000828
2,False,2,1308,0.0006381
2,False,2,1309,0.0007471
2,False,2,1310,0.0006457
2,False,2,1311,0.0007541
2,False,2,1312,0.0007386
2,False,2,1313,0.0008221
2,False,2,1314,0.0007413
2,False,2,1315,0.0007774
2,False,2,1316,0.0008224
2,False,2,1317,0.0006799
2,False,2,1318,0.0009083
2,False,2,1319,0.0011393
2,False,2,1320,0.0009264
2,False,2,1321,0.0011546
2,False,2,1322,0.0009371
2,False,2,1323,0.0012527
2,False,2,1324,0.0009456
2,False,2,1325,0.0012988
2,False,2,1326,0.0010065
2,False,2,1327,0.0011959
2,False,2,1328,0.0009691
2,False,2,1329,0.0012825
2,False,2,1330,0.0010443
2,False,2,1331,0.0012248
2,False,2,1332,0.0009945
2,False,2,1333,0.0012398
2,False,2,1334,0.0010032
2,False,2,1335,0.001339
2,False,2,1336,0.0010796
2,False,2,1337,0.0013002
2,False,2,1338,0.0012538
2,False,2,1339,0.001287
2,False,2,1340,0.0011137
2,False,2,1341,0.0010533
2,False,2,1342,0.000831
2,False,2,1343,0.0007971
2,False,2,1344,0.0008358
2,False,2,1345,0.0008013
2,False,2,1346,0.0008422
2,False,2,1347,0.0015677
2,False,2,1348,0.0009093
2,False,2,1349,0.0008712
2,False,2,1350,0.0008688
2,False,2,1351,0.0008294
2,False,2,1352,0.0008267
2,False,2,1353,0.0008771
2,False,2,1354,0.0008892
2,False,2,1355,0.000844
2,False,2,1356,0.000867
2,False,2,1357,0.0008564
2,False,2,1358,0.0009082
2,False,2,1359,0.0010709
2,False,2,1360,0.0009236
2,False,2,1361,0.0008743
2,False,2,1362,0.0014275
2,False,2,1363,0.0008827
2,False,2,1364,0.000881
2,False,2,1365,0.0008892
2,False,2,1366,0.0014
2,False,2,1367,0.0016929
2,False,2,1368,0.0015535
2,False,2,1369,0.0015584
2,False,2,1370,0.0011743
2,False,2,1371,0.0022411
2,False,2,1372,0.0027074
2,False,2,1373,0.0019417
2,False,2,1374,0.0012404
2,False,2,1375,0.002137
2,False,2,1376,0.0016681
2,False,2,1377,0.0023476
2,False,2,1378,0.0034318
2,False,2,1379,0.0018182
2,False,2,1380,0.0037552
2,False,2,1381,0.0062989
2,False,2,1382,0.0042297
2,False,2,1383,0.0091833
2,False,2,1384,0.0017156
2,False,2,1385,0.0072647
2,False,2,1386,0.0103126
2,False,2,1387,0.0079885
2,False,2,1388,0.0111696
2,False,2,1389,0.0054921
2,False,2,1390,0.0028656
2,False,2,1391,0.0077643
2,False,2,1392,0.0085419
2,False,2,1393,0.0165343
2,False,2,1394,0.0090655
2,False,2,1395,0.021243
2,False,2,1396,0.0069419
2,False,2,1397,0.0093492
2,False,2,1398,0.0131589
2,False,2,1399,0.026039
2,False,2,1400,0.0141819
2,False,2,1401,0.0091362
2,False,2,1402,0.0153871
2,False,2,1403,0.0095457
2,False,2,1404,0.0161803
2,False,2,1405,0.0099292
2,False,2,1406,0.0156499
2,False,2,1407,0.0105576
2,False,2,1408,0.0164411
2,False,2,1409,0.010934
2,False,2,1410,0.0187836
2,False,2,1411,0.0117134
2,False,2,1412,0.0188346
2,False,2,1413,0.0126553
2,False,2,1414,0.0198672
2,False,2,1415,0.0129474
2,False,2,1416,0.0207809
2,False,2,1417,0.0135236
2,False,2,1418,0.021422
2,False,2,1419,0.0132155
2,False,2,1420,0.0211096
2,False,2,1421,0.0136925
2,False,2,1422,0.0221806
2,False,2,1423,0.0152237
2,False,2,1424,0.0172355
2,False,2,1425,0.0465145
2,False,2,1426,0.0581336
2,False,2,1427,0.0513305
2,False,2,1428,0.0609193
2,False,2,1429,0.0496604
2,False,2,1430,0.052631
2,False,2,1431,0.05
2,False,2,1432,0.0505456
2,False,2,1433,0.0533594
2,False,2,1434,0.0524858
2,False,2,1435,0.0556857
2,False,2,1436,0.0559598
2,False,2,1437,0.0516206
2,False,2,1438,0.056613
2,False,2,1439,0.0534112
2,False,2,1440,0.0615746
2,False,2,1441,0.055056
2,False,2,1442,0.0597725
2,False,2,1443,0.0646212
2,False,2,1444,0.0597129
2,False,2,1445,0.0582742
2,False,2,1446,0.0626313
2,False,2,1447,0.0646347
2,False,2,1448,0.0648969
2,False,2,1449,0.0332235
2,False,2,1450,0.0576173
2,False,2,1451,0.0196642
2,False,2,1452,0.0118275
2,False,2,1453,0.009831
2,False,2,1454,0.0292862
2,False,2,1455,0.0361844
2,False,2,1456,0.0532809
2,False,2,1457,0.0375792
2,False,2,1458,0.0515358
2,False,2,1459,0.210564
2,False,2,1460,0.0572401
2,False,2,1461,0.11063
2,False,2,1462,0.214819
2,False,2,1463,0.0702192
2,False,2,1464,0.136083
2,False,2,1465,0.084152
2,False,2,1466,0.104982
2,False,2,1467,0.137929
2,False,2,1468,0.0636622
2,False,2,1469,0.0605423
2,False,2,1470,0.0457855
2,False,2,1471,0.129186
2,False,2,1472,0.10631
2,False,2,1473,0.101424
2,False,2,1474,0.198849
2,False,2,1475,0.401881
2,False,2,1476,0.223742
2,False,2,1477,0.320566
2,False,2,1478,0.241902
2,False,2,1479,0.334526
2,False,2,1480,0.249074
2,False,2,1481,0.358996
2,False,2,1482,0.260893
2,False,2,1483,0.376126
2,False,2,1484,0.270734
2,False,2,1485,0.381153
2,False,2,1486,0.282092
2,False,2,1487,0.404867
2,False,2,1488,0.295545
2,False,2,1489,0.423254
2,False,2,1490,0.301906
2,False,2,1491,0.438651
2,False,2,1492,0.315438
2,False,2,1493,0.468317
2,False,2,1494,0.319886
2,False,2,1495,0.473783
2,False,2,1496,0.339912
2,False,2,1497,0.491395
2,False,2,1498,0.316804
2,False,2,1499,0.24972
2,False,2,1500,1.10888
2,False,2,1501,0.161914
2,False,2,1502,0.147434
2,False,2,1503,0.726243
2,False,2,1504,0.511915
2,False,2,1505,0.97191
2,False,2,1506,0.516416
2,False,2,1507,0.721556
2,False,2,1508,1.45212
2,False,2,1509,0.52344
2,False,2,1510,0.440427
2,False,2,1511,0.408456
2,False,2,1512,0.434378
2,False,2,1513,0.418431
2,False,2,1514,0.403989
2,False,2,1515,0.568546
2,False,2,1516,0.415025
2,False,2,1517,0.613221
2,False,2,1518,0.434105
2,False,2,1519,0.606678
2,False,2,1520,0.442606
2,False,2,1521,0.611376
2,False,2,1522,0.461328
2,False,2,1523,0.620101
2,False,2,1524,0.478324
2,False,2,1525,0.625218
2,False,2,1526,0.482719
2,False,2,1527,0.306209
2,False,2,1528,0.0742449
2,False,2,1529,0.213895
2,False,2,1530,0.478583
2,False,2,1531,0.244618
2,False,2,1532,0.486548
2,False,2,1533,0.248856
2,False,2,1534,0.501159
2,False,2,1535,0.253373
2,False,2,1536,0.514071
2,False,2,1537,0.254547
2,False,2,1538,0.527444
2,False,2,1539,0.26002
2,False,2,1540,0.529359
2,False,2,1541,0.272437
2,False,2,1542,0.548993
2,False,2,1543,0.281783
2,False,2,1544,0.558835
2,False,2,1545,0.292455
2,False,2,1546,0.574965
2,False,2,1547,0.296741
2,False,2,1548,0.576213
2,False,2,1549,0.29864
2,False,2,1550,0.599236
2,False,2,1551,0.304592
2,False,2,1552,0.268325
2,False,2,1553,0.0420718
2,False,2,1554,0.340422
2,False,2,1555,0.460038
2,False,2,1556,0.382893
2,False,2,1557,0.421384
2,False,2,1558,0.395697
2,False,2,1559,0.4395
2,False,2,1560,0.408345
2,False,2,1561,0.450489
2,False,2,1562,0.415596
2,False,2,1563,0.456755
2,False,2,1564,0.411783
2,False,2,1565,0.460755
2,False,2,1566,0.420518
2,False,2,1567,0.474241
2,False,2,1568,0.430783
2,False,2,1569,0.474924
2,False,2,1570,0.427019
2,False,2,1571,0.480046
2,False,2,1572,0.432498
2,False,2,1573,0.490666
2,False,2,1574,0.441789
2,False,2,1575,0.512276
2,False,2,1576,0.46897
2,False,2,1577,0.224085
2,False,2,1578,0.0955684
2,False,2,1579,0.369833
2,False,2,1580,0.437542
2,False,2,1581,0.420889
2,False,2,1582,0.438395
2,False,2,1583,0.382486
2,False,2,1584,0.441901
2,False,2,1585,0.397063
2,False,2,1586,0.435249
2,False,2,1587,0.418449
2,False,2,1588,0.451015
2,False,2,1589,0.417361
2,False,2,1590,0.454131
2,False,2,1591,0.402505
2,False,2,1592,0.463045
2,False,2,1593,0.416923
2,False,2,1594,0.473771
2,False,2,1595,0.426819
2,False,2,1596,0.474981
2,False,2,1597,0.426083
2,False,2,1598,0.483498
2,False,2,1599,0.429132
2,False,2,1600,0.484891
2,False,2,1601,0.441273
2,False,2,1602,0.272851
2,False,2,1603,0.150942
2,False,2,1604,0.611217
2,False,2,1605,0.621527
2,False,2,1606,0.553561
2,False,2,1607,0.655678
2,False,2,1608,1.3972
2,False,2,1609,1.87664
2,False,2,1610,2.0704
2,False,2,1611,1.64603
2,False,2,1612,2.11052
2,False,2,1613,1.66753
2,False,2,1614,2.11188
2,False,2,1615,1.69135
2,False,2,1616,2.15945
2,False,2,1617,1.67679
2,False,2,1618,2.19533
2,False,2,1619,1.71969
2,False,2,1620,2.18393
2,False,2,1621,1.74869
2,False,2,1622,2.25285
2,False,2,1623,1.75697
2,False,2,1624,2.23195
2,False,2,1625,1.79767
2,False,2,1626,2.2907
2,False,2,1627,0.933024
2,False,2,1628,0.455063
2,False,2,1629,2.36033
2,False,2,1630,1.15066
2,False,2,1631,0.78357
2,False,2,1632,0.884731
2,False,2,1633,0.782195
2,False,2,1634,0.916583
2,False,2,1635,0.839422
2,False,2,1636,0.905972
2,False,2,1637,0.803021
2,False,2,1638,0.972603
2,False,2,1639,0.796633
2,False,2,1640,0.95083
2,False,2,1641,0.821382
2,False,2,1642,0.961145
2,False,2,1643,0.819333
2,False,2,1644,0.942902
2,False,2,1645,0.815769
2,False,2,1646,0.958134
2,False,2,1647,0.843957
2,False,2,1648,0.964045
2,False,2,1649,0.846573
2,False,2,1650,0.980408
2,False,2,1651,0.851692
2,False,2,1652,0.428104
2,False,2,1653,0.122604
2,False,2,1654,1.38388
2,False,2,1655,1.46747
2,False,2,1656,2.20884
2,False,2,1657,1.7583
2,False,2,1658,1.87376
2,False,2,1659,1.80543
2,False,2,1660,1.9079
2,False,2,1661,1.78935
2,False,2,1662,1.91681
2,False,2,1663,1.83765
2,False,2,1664,1.95347
2,False,2,1665,1.82208
2,False,2,1666,1.95017
2,False,2,1667,1.89656
2,False,2,1668,1.98394
2,False,2,1669,1.8701
2,False,2,1670,1.99193
2,False,2,1671,1.90972
2,False,2,1672,2.00551
2,False,2,1673,1.89098
2,False,2,1674,2.02643
2,False,2,1675,1.92259
2,False,2,1676,2.06775
2,False,2,1677,0.701353
2,False,2,1678,0.153766
2,False,2,1679,0.00039
2,False,2,1680,0.0001725
2,False,2,1681,0.0001976
2,False,2,1682,0.0001409
2,False,2,1683,0.0002206
2,False,2,1684,0.0001504
2,False,2,1685,0.0002264
2,False,2,1686,0.0001609
2,False,2,1687,0.0002264
2,False,2,1688,0.000161
2,False,2,1689,0.0002778
2,False,2,1690,0.0001699
2,False,2,1691,0.000274
2,False,2,1692,0.0002716
2,False,2,1693,0.0003022
2,False,2,1694,0.0001879
2,False,2,1695,0.0003178
2,False,2,1696,0.0001977
2,False,2,1697,0.0002922
2,False,2,1698,0.0002449
2,False,2,1699,0.000335
2,False,2,1700,0.0002154
2,False,2,1701,0.000318
2,False,2,1702,0.000225
2,False,2,1703,0.0004172
2,False,2,1704,0.0002565
2,False,2,1705,0.0001117
2,False,2,1706,0.0027839
2,False,2,1707,0.0032391
2,False,2,1708,0.0132233
2,False,2,1709,0.0056811
2,False,2,1710,0.0067946
2,False,2,1711,0.0061018
2,False,2,1712,0.0068257
2,False,2,1713,0.0075305
2,False,2,1714,0.0071913
2,False,2,1715,0.00671
2,False,2,1716,0.0075048
2,False,2,1717,0.0111726
2,False,2,1718,0.0077093
2,False,2,1719,0.0073724
2,False,2,1720,0.0077523
2,False,2,1721,0.0075459
2,False,2,1722,0.0097997
2,False,2,1723,0.0085446
2,False,2,1724,0.0084602
2,False,2,1725,0.008357
2,False,2,1726,0.0092812
2,False,2,1727,0.0083348
2,False,2,1728,0.0098526
2,False,2,1729,0.009098
2,False,2,1730,0.0099755
2,False,2,1731,0.0095076
2,False,2,1732,0.005287
2,False,2,1733,0.0119403
2,False,2,1734,0.0318078
2,False,2,1735,0.0406727
2,False,2,1736,0.017706
2,False,2,1737,0.0350211
2,False,2,1738,0.0273425
2,False,2,1739,0.0156613
2,False,2,1740,0.0109745
2,False,2,1741,0.013561
2,False,2,1742,0.0100019
2,False,2,1743,0.0127589
2,False,2,1744,0.0102722
2,False,2,1745,0.0149962
2,False,2,1746,0.0143734
2,False,2,1747,0.0185479
2,False,2,1748,0.0152594
2,False,2,1749,0.026047
2,False,2,1750,0.0146806
2,False,2,1751,0.0198484
2,False,2,1752,0.015264
2,False,2,1753,0.0190737
2,False,2,1754,0.0206383
2,False,2,1755,0.0253793
2,False,2,1756,0.0252327
2,False,2,1757,0.0200998
2,False,2,1758,0.0161024
2,False,2,1759,0.0190329
2,False,2,1760,0.0168267
2,False,2,1761,0.021716
2,False,2,1762,0.0193698
2,False,2,1763,0.0007968
2,False,2,1764,0.0739541
2,False,2,1765,0.0766768
2,False,2,1766,0.132679
2,False,2,1767,0.474741
2,False,2,1768,0.187073
2,False,2,1769,0.139996
2,False,2,1770,0.192473
2,False,2,1771,0.131764
2,False,2,1772,0.182965
2,False,2,1773,0.135405
2,False,2,1774,0.19451
2,False,2,1775,0.137969
2,False,2,1776,0.203597
2,False,2,1777,0.151398
2,False,2,1778,0.228106
2,False,2,1779,0.158295
2,False,2,1780,0.225921
2,False,2,1781,0.157271
2,False,2,1782,0.228558
2,False,2,1783,0.161355
2,False,2,1784,0.246391
2,False,2,1785,0.167086
2,False,2,1786,0.249893
2,False,2,1787,0.180165
2,False,2,1788,0.247845
2,False,2,1789,0.18063
2,False,2,1790,0.257771
2,False,2,1791,0.0988808
2,False,2,1792,0.0017356
2,False,2,1793,0.52015
2,False,2,1794,1.20164
2,False,2,1795,0.94398
2,False,2,1796,0.837949
2,False,2,1797,0.886466
2,False,2,1798,0.613573
2,False,2,1799,0.994348
2,False,2,1800,1.12625
2,False,2,1801,0.352785
2,False,2,1802,0.0003069
2,False,2,1803,0.0002711
2,False,2,1804,0.0002377
2,False,2,1805,0.000538
2,False,2,1806,0.000963
2,False,2,1807,0.0004956
2,False,2,1808,0.0004185
2,False,2,1809,0.000391
2,False,2,1810,0.0004253
2,False,2,1811,0.0004924
2,False,2,1812,0.0004257
2,False,2,1813,0.0004892
2,False,2,1814,0.0007195
2,False,2,1815,0.0005493
2,False,2,1816,0.0004749
2,False,2,1817,0.0007124
2,False,2,1818,0.0004971
2,False,2,1819,0.0005717
2,False,2,1820,0.0005221
2,False,2,1821,0.0006243
2,False,2,1822,0.0005448
2,False,2,1823,0.0006227
2,False,2,1824,0.0005689
2,False,2,1825,0.0006557
2,False,2,1826,0.0005926
2,False,2,1827,0.0011381
2,False,2,1828,0.0006491
2,False,2,1829,0.001062
2,False,2,1830,0.0006407
2,False,2,1831,0.0007299
2,False,2,1832,0.0006683
2,False,2,1833,0.0008723
2,False,2,1834,0.0007663
2,False,2,1835,0.0007397
2,False,2,1836,0.0004579
2,False,2,1837,0.0004971
2,False,2,1838,0.0010397
2,False,2,1839,0.0009519
2,False,2,1840,0.0004954
2,False,2,1841,0.0007335
2,False,2,1842,0.0005515
2,False,2,1843,0.0005598
2,False,2,1844,0.0008657
2,False,2,1845,0.0005964
2,False,2,1846,0.0004798
2,False,2,1847,0.0006396
2,False,2,1848,0.0006652
2,False,2,1849,0.0006388
2,False,2,1850,0.0005094
2,False,2,1851,0.0006532
2,False,2,1852,0.0005659
2,False,2,1853,0.0006853
2,False,2,1854,0.0005724
2,False,2,1855,0.0007563
2,False,2,1856,0.0005505
2,False,2,1857,0.0006983
2,False,2,1858,0.0005922
2,False,2,1859,0.0007107
2,False,2,1860,0.0007198
2,False,2,1861,0.000973
2,False,2,1862,0.0010793
2,False,2,1863,0.0006045
2,False,2,1864,0.0007253
2,False,2,1865,0.0006532
2,False,2,1866,0.0009131
2,False,2,1867,0.0006335
2,False,2,1868,0.0008241
2,False,2,1869,0.0006493
2,False,2,1870,0.000865
2,False,2,1871,0.0006921
2,False,2,1872,0.0007968
2,False,2,1873,0.0006764
2,False,2,1874,0.0008136
2,False,2,1875,0.0007309
2,False,2,1876,0.0008341
2,False,2,1877,0.0007366
2,False,2,1878,0.0008485
2,False,2,1879,0.0007198
2,False,2,1880,0.0009589
2,False,2,1881,0.0007306
2,False,2,1882,0.001083
2,False,2,1883,0.0008309
2,False,2,1884,0.000972
2,False,2,1885,0.0007626
2,False,2,1886,0.0009564
2,False,2,1887,0.0012941
2,False,2,1888,0.0009723
2,False,2,1889,0.0008474
2,False,2,1890,0.0011267
2,False,2,1891,0.0008411
2,False,2,1892,0.0009637
2,False,2,1893,0.0008186
2,False,2,1894,0.0009839
2,False,2,1895,0.0008988
2,False,2,1896,0.0009969
2,False,2,1897,0.0008444
2,False,2,1898,0.001016
2,False,2,1899,0.0008787
2,False,2,1900,0.0010447
2,False,2,1901,0.0009117
2,False,2,1902,0.0010886
2,False,2,1903,0.000941
2,False,2,1904,0.0012036
2,False,2,1905,0.0009611
2,False,2,1906,0.0010805
2,False,2,1907,0.0009712
2,False,2,1908,0.001366
2,False,2,1909,0.0010253
2,False,2,1910,0.0012326
2,False,2,1911,0.0013754
2,False,2,1912,0.0011397
2,False,2,1913,0.0010472
2,False,2,1914,0.0014257
2,False,2,1915,0.0006737
2,False,2,1916,0.0007148
2,False,2,1917,0.0011111
2,False,2,1918,0.0028877
2,False,2,1919,0.004407
2,False,2,1920,0.0014847
2,False,2,1921,0.0097193
2,False,2,1922,0.0082249
2,False,2,1923,0.0091865
2,False,2,1924,0.008688
2,False,2,1925,0.0075644
2,False,2,1926,0.0091638
2,False,2,1927,0.0015425
2,False,2,1928,0.0022746
2,False,2,1929,0.0114882
2,False,2,1930,0.0210396
2,False,2,1931,0.034142
2,False,2,1932,0.014841
2,False,2,1933,0.0128824
2,False,2,1934,0.0196114
2,False,2,1935,0.0067234
2,False,2,1936,0.038169
2,False,2,1937,0.0146436
2,False,2,1938,0.0071102
2,False,2,1939,0.0124917
2,False,2,1940,0.0118085
2,False,2,1941,0.0190988
2,False,2,1942,0.0131639
2,False,2,1943,0.0250955
2,False,2,1944,0.0154988
2,False,2,1945,0.0229043
2,False,2,1946,0.0202271
2,False,2,1947,0.0200057
2,False,2,1948,0.0230213
2,False,2,1949,0.0180877
2,False,2,1950,0.0235345
2,False,2,1951,0.0193102
2,False,2,1952,0.0225023
2,False,2,1953,0.0211862
2,False,2,1954,0.0245018
2,False,2,1955,0.0234798
2,False,2,1956,0.0257712
2,False,2,1957,0.0240702
2,False,2,1958,0.0286662
2,False,2,1959,0.0233991
2,False,2,1960,0.0305622
2,False,2,1961,0.0237393
2,False,2,1962,0.0299687
2,False,2,1963,0.0239637
2,False,2,1964,0.029777
2,False,2,1965,0.0246253
2,False,2,1966,0.0309996
2,False,2,1967,0.0265078
2,False,2,1968,0.0408796
2,False,2,1969,0.020181
2,False,2,1970,0.0185568
2,False,2,1971,0.0264457
2,False,2,1972,0.0742203
2,False,2,1973,0.0801589
2,False,2,1974,0.136948
2,False,2,1975,0.553612
2,False,2,1976,0.494471
2,False,2,1977,0.598112
2,False,2,1978,0.374004
2,False,2,1979,0.475573
2,False,2,1980,0.363614
2,False,2,1981,0.351485
2,False,2,1982,0.35607
2,False,2,1983,0.360359
2,False,2,1984,0.35196
2,False,2,1985,0.25401
2,False,2,1986,0.255712
2,False,2,1987,0.22054
2,False,2,1988,0.251845
2,False,2,1989,0.209355
2,False,2,1990,0.216216
2,False,2,1991,0.224473
2,False,2,1992,0.222968
2,False,2,1993,0.230625
2,False,2,1994,0.239209
2,False,2,1995,0.24064
2,False,2,1996,0.247356
2,False,2,1997,0.257455
2,False,2,1998,0.263708
2,False,2,1999,0.269691
2,False,2,2000,0.286467
2,False,2,2001,0.277428
2,False,2,2002,0.297649
2,False,2,2003,0.293892
2,False,2,2004,0.297534
2,False,2,2005,0.313747
2,False,2,2006,0.310954
2,False,2,2007,0.328036
2,False,2,2008,0.340809
2,False,2,2009,0.333611
2,False,2,2010,0.366408
2,False,2,2011,0.138716
2,False,2,2012,0.0183386
2,False,2,2013,0.359971
2,False,2,2014,0.401758
2,False,2,2015,0.380817
2,False,2,2016,0.398409
2,False,2,2017,0.385959
2,False,2,2018,0.426499
2,False,2,2019,0.404509
2,False,2,2020,0.434633
2,False,2,2021,0.404514
2,False,2,2022,0.433725
2,False,2,2023,0.429774
2,False,2,2024,0.464657
2,False,2,2025,0.446645
2,False,2,2026,0.47863
2,False,2,2027,0.447849
2,False,2,2028,0.490609
2,False,2,2029,0.454848
2,False,2,2030,0.509262
2,False,2,2031,0.48679
2,False,2,2032,0.513458
2,False,2,2033,0.476723
2,False,2,2034,0.526401
2,False,2,2035,0.49629
2,False,2,2036,0.183084
2,False,2,2037,0.0368953
2,False,2,2038,0.555505
2,False,2,2039,0.524623
2,False,2,2040,0.553235
2,False,2,2041,0.556397
2,False,2,2042,0.567562
2,False,2,2043,0.55353
2,False,2,2044,0.600505
2,False,2,2045,0.552784
2,False,2,2046,0.590802
2,False,2,2047,0.564529
2,False,2,2048,0.615401
2,False,2,2049,0.606417
2,False,2,2050,0.624179
2,False,2,2051,0.583808
2,False,2,2052,0.627079
2,False,2,2053,0.613209
2,False,2,2054,0.650349
2,False,2,2055,0.606713
2,False,2,2056,0.658881
2,False,2,2057,0.628492
2,False,2,2058,0.699548
2,False,2,2059,0.628122
2,False,2,2060,0.692914
2,False,2,2061,0.204986
2,False,2,2062,0.0332958
2,False,2,2063,0.683059
2,False,2,2064,0.710226
2,False,2,2065,0.703368
2,False,2,2066,0.726829
2,False,2,2067,0.722508
2,False,2,2068,0.744441
2,False,2,2069,0.865282
2,False,2,2070,0.804241
2,False,2,2071,0.799711
2,False,2,2072,0.796634
2,False,2,2073,0.827268
2,False,2,2074,0.862271
2,False,2,2075,0.886554
2,False,2,2076,0.879147
2,False,2,2077,0.774302
2,False,2,2078,0.815184
2,False,2,2079,0.784611
2,False,2,2080,0.832267
2,False,2,2081,0.812619
2,False,2,2082,0.836679
2,False,2,2083,0.823182
2,False,2,2084,0.855634
2,False,2,2085,0.842419
2,False,2,2086,0.274186
2,False,2,2087,0.0614371
2,False,2,2088,0.898996
2,False,2,2089,0.808306
2,False,2,2090,0.899862
2,False,2,2091,0.820705
2,False,2,2092,0.919157
2,False,2,2093,0.835784
2,False,2,2094,0.939615
2,False,2,2095,0.848502
2,False,2,2096,0.94915
2,False,2,2097,0.847666
2,False,2,2098,0.967443
2,False,2,2099,0.881613
2,False,2,2100,0.966644
2,False,2,2101,0.885761
2,False,2,2102,0.986147
2,False,2,2103,0.919806
2,False,2,2104,0.997307
2,False,2,2105,0.889943
2,False,2,2106,1.01523
2,False,2,2107,0.913214
2,False,2,2108,1.02786
2,False,2,2109,0.930967
2,False,2,2110,1.0587
2,False,2,2111,0.285514
2,False,2,2112,0.0508623
2,False,2,2113,1.11086
2,False,2,2114,2.23991
2,False,2,2115,2.05785
2,False,2,2116,2.2736
2,False,2,2117,2.08767
2,False,2,2118,2.28862
2,False,2,2119,2.12368
2,False,2,2120,2.32959
2,False,2,2121,2.12809
2,False,2,2122,2.33208
2,False,2,2123,2.17423
2,False,2,2124,2.39666
2,False,2,2125,2.25192
2,False,2,2126,2.62274
2,False,2,2127,2.21924
2,False,2,2128,2.44577
2,False,2,2129,2.32065
2,False,2,2130,2.51212
2,False,2,2131,2.27734
2,False,2,2132,2.50575
2,False,2,2133,2.31895
2,False,2,2134,2.52493
2,False,2,2135,2.3479
2,False,2,2136,2.57268
2,False,2,2137,0.620231
2,False,2,2138,0.0838791
2,False,2,2139,2.42572
2,False,2,2140,2.37764
2,False,2,2141,2.47165
2,False,2,2142,2.37408
2,False,2,2143,2.4819
2,False,2,2144,2.41521
2,False,2,2145,2.51531
2,False,2,2146,2.45989
2,False,2,2147,2.51411
2,False,2,2148,2.46283
2,False,2,2149,2.63434
2,False,2,2150,2.50617
2,False,2,2151,2.56762
2,False,2,2152,2.53127
2,False,2,2153,2.64353
2,False,2,2154,2.54697
2,False,2,2155,2.61523
2,False,2,2156,2.55474
2,False,2,2157,2.6333
2,False,2,2158,2.58476
2,False,2,2159,2.67686
2,False,2,2160,2.63358
2,False,2,2161,2.71514
2,False,2,2162,0.644681
2,False,2,2163,0.0677641
2,False,2,2164,2.90692
2,False,2,2165,2.46361
2,False,2,2166,2.88919
2,False,2,2167,2.45947
2,False,2,2168,2.93868
2,False,2,2169,2.49791
2,False,2,2170,2.97884
2,False,2,2171,2.49952
2,False,2,2172,2.98383
2,False,2,2173,2.64791
2,False,2,2174,3.02388
2,False,2,2175,2.57407
2,False,2,2176,3.08281
2,False,2,2177,2.57535
2,False,2,2178,3.0918
2,False,2,2179,2.59944
2,False,2,2180,3.15243
2,False,2,2181,2.64046
2,False,2,2182,3.13998
2,False,2,2183,2.66978
2,False,2,2184,3.17547
2,False,2,2185,2.66567
2,False,2,2186,3.20779
2,False,2,2187,0.641563
2,False,2,2188,0.011877
2,False,2,2189,0.315707
2,False,2,2190,0.415958
2,False,2,2191,0.476653
2,False,2,2192,2.19327
2,False,2,2193,0.741671
2,False,2,2194,1.79452
2,False,2,2195,1.70971
2,False,2,2196,1.48472
2,False,2,2197,0.0002689
2,False,2,2198,0.0004503
2,False,2,2199,0.0008311
2,False,2,2200,0.000436
2,False,2,2201,0.0004337
2,False,2,2202,0.0004236
2,False,2,2203,0.0003509
2,False,2,2204,0.0004712
2,False,2,2205,0.0004199
2,False,2,2206,0.0003876
2,False,2,2207,0.0005284
2,False,2,2208,0.000433
2,False,2,2209,0.0004651
2,False,2,2210,0.0004717
2,False,2,2211,0.0004937
2,False,2,2212,0.0004533
2,False,2,2213,0.0005139
2,False,2,2214,0.000525
2,False,2,2215,0.000549
2,False,2,2216,0.0008729
2,False,2,2217,0.0006353
2,False,2,2218,0.0005156
2,False,2,2219,0.0005829
2,False,2,2220,0.0006789
2,False,2,2221,0.0006161
2,False,2,2222,0.0006768
2,False,2,2223,0.0008936
2,False,2,2224,0.0005786
2,False,2,2225,0.0006539
2,False,2,2226,0.0006031
2,False,2,2227,0.0008006
2,False,2,2228,0.0005862
2,False,2,2229,0.0002758
2,False,2,2230,0.0003233
2,False,2,2231,0.0003314
2,False,2,2232,0.0003354
2,False,2,2233,0.0003428
2,False,2,2234,0.0003481
2,False,2,2235,0.0003566
2,False,2,2236,0.0003594
2,False,2,2237,0.0003658
2,False,2,2238,0.0003729
2,False,2,2239,0.000417
2,False,2,2240,0.000382
2,False,2,2241,0.000413
2,False,2,2242,0.0003941
2,False,2,2243,0.0005536
2,False,2,2244,0.0004053
2,False,2,2245,0.000598
2,False,2,2246,0.0004379
2,False,2,2247,0.0006958
2,False,2,2248,0.0004257
2,False,2,2249,0.0004328
2,False,2,2250,0.0004385
2,False,2,2251,0.0005018
2,False,2,2252,0.0004502
2,False,2,2253,0.0005077
2,False,2,2254,0.0005899
2,False,2,2255,0.0010649
2,False,2,2256,0.0004424
2,False,2,2257,0.0006687
2,False,2,2258,0.000452
2,False,2,2259,0.0006011
2,False,2,2260,0.0007256
2,False,2,2261,0.0006409
2,False,2,2262,0.0004786
2,False,2,2263,0.0006441
2,False,2,2264,0.0006486
2,False,2,2265,0.0006904
2,False,2,2266,0.0004995
2,False,2,2267,0.0006539
2,False,2,2268,0.0005127
2,False,2,2269,0.0006517
2,False,2,2270,0.0005496
2,False,2,2271,0.0007022
2,False,2,2272,0.0005364
2,False,2,2273,0.0006764
2,False,2,2274,0.0005483
2,False,2,2275,0.0006924
2,False,2,2276,0.0005837
2,False,2,2277,0.000736
2,False,2,2278,0.0008965
2,False,2,2279,0.0007726
2,False,2,2280,0.0005809
2,False,2,2281,0.0007362
2,False,2,2282,0.0005946
2,False,2,2283,0.0007518
2,False,2,2284,0.0006038
2,False,2,2285,0.0007608
2,False,2,2286,0.0006168
2,False,2,2287,0.000777
2,False,2,2288,0.0006273
2,False,2,2289,0.000791
2,False,2,2290,0.0007036
2,False,2,2291,0.0013101
2,False,2,2292,0.0008041
2,False,2,2293,0.0008712
2,False,2,2294,0.0006611
2,False,2,2295,0.0009365
2,False,2,2296,0.0007851
2,False,2,2297,0.0008488
2,False,2,2298,0.0006839
2,False,2,2299,0.0008669
2,False,2,2300,0.0008364
2,False,2,2301,0.0008772
2,False,2,2302,0.0007797
2,False,2,2303,0.0010378
2,False,2,2304,0.0007476
2,False,2,2305,0.0009062
2,False,2,2306,0.0007285
2,False,2,2307,0.001011
2,False,2,2308,0.000789
2,False,2,2309,0.0009323
2,False,2,2310,0.0007919
2,False,2,2311,0.0009678
2,False,2,2312,0.0007664
2,False,2,2313,0.0010871
2,False,2,2314,0.0007752
2,False,2,2315,0.00102
2,False,2,2316,0.0008931
2,False,2,2317,0.0009907
2,False,2,2318,0.0008014
2,False,2,2319,0.0010053
2,False,2,2320,0.0012986
2,False,2,2321,0.00102
2,False,2,2322,0.0008216
2,False,2,2323,0.0010346
2,False,2,2324,0.0012012
2,False,2,2325,0.0010544
2,False,2,2326,0.0009592
2,False,2,2327,0.0010657
2,False,2,2328,0.0008664
2,False,2,2329,0.001174
2,False,2,2330,0.0008771
2,False,2,2331,0.0012047
2,False,2,2332,0.0011344
2,False,2,2333,0.0013605
2,False,2,2334,0.000898
2,False,2,2335,0.0011962
2,False,2,2336,0.0009091
2,False,2,2337,0.0011377
2,False,2,2338,0.0009759
2,False,2,2339,0.0011474
2,False,2,2340,0.000933
2,False,2,2341,0.0014392
2,False,2,2342,0.0009965
2,False,2,2343,0.0014129
2,False,2,2344,0.0009632
2,False,2,2345,0.001274
2,False,2,2346,0.0009685
2,False,2,2347,0.0012594
2,False,2,2348,0.0009811
2,False,2,2349,0.0013022
2,False,2,2350,0.0010637
2,False,2,2351,0.0019261
2,False,2,2352,0.0010815
2,False,2,2353,0.0012545
2,False,2,2354,0.0019045
2,False,2,2355,0.0013848
2,False,2,2356,0.0010269
2,False,2,2357,0.0013376
2,False,2,2358,0.0016769
2,False,2,2359,0.001422
2,False,2,2360,0.0010463
2,False,2,2361,0.0015319
2,False,2,2362,0.0014457
2,False,2,2363,0.0013211
2,False,2,2364,0.0011106
2,False,2,2365,0.0013335
2,False,2,2366,0.0010735
2,False,2,2367,0.0013535
2,False,2,2368,0.0013084
2,False,2,2369,0.0026408
2,False,2,2370,0.0011065
2,False,2,2371,0.0014183
2,False,2,2372,0.0011505
2,False,2,2373,0.0015474
2,False,2,2374,0.0011226
2,False,2,2375,0.0015089
2,False,2,2376,0.0011407
2,False,2,2377,0.0014263
2,False,2,2378,0.0012037
2,False,2,2379,0.0014353
2,False,2,2380,0.0011638
2,False,2,2381,0.0015051
2,False,2,2382,0.001174
2,False,2,2383,0.0015593
2,False,2,2384,0.0012581
2,False,2,2385,0.0014795
2,False,2,2386,0.001389
2,False,2,2387,0.0015829
2,False,2,2388,0.0012564
2,False,2,2389,0.0015069
2,False,2,2390,0.0012177
2,False,2,2391,0.0019637
2,False,2,2392,0.0013111
2,False,2,2393,0.0017067
2,False,2,2394,0.001244
2,False,2,2395,0.0016036
2,False,2,2396,0.0012542
2,False,2,2397,0.0020547
2,False,2,2398,0.0012687
2,False,2,2399,0.0015745
2,False,2,2400,0.0014708
2,False,2,2401,0.0015885
2,False,2,2402,0.0012849
2,False,2,2403,0.0016065
2,False,2,2404,0.0013706
2,False,2,2405,0.0017424
2,False,2,2406,0.0014406
2,False,2,2407,0.0016748
2,False,2,2408,0.0014559
2,False,2,2409,0.0018036
2,False,2,2410,0.0013333
2,False,2,2411,0.0021401
2,False,2,2412,0.0013518
2,False,2,2413,0.0018181
2,False,2,2414,0.0014388
2,False,2,2415,0.0024259
2,False,2,2416,0.0014187
2,False,2,2417,0.0017672
2,False,2,2418,0.0013769
2,False,2,2419,0.0017207
2,False,2,2420,0.00151
2,False,2,2421,0.0017527
2,False,2,2422,0.001799
2,False,2,2423,0.0018557
2,False,2,2424,0.0014828
2,False,2,2425,0.0017632
2,False,2,2426,0.0014617
2,False,2,2427,0.0020473
2,False,2,2428,0.0015372
2,False,2,2429,0.0018663
2,False,2,2430,0.0011531
2,False,2,2431,0.0011728
2,False,2,2432,0.0014867
2,False,2,2433,0.0011386
2,False,2,2434,0.0011335
2,False,2,2435,0.0011895
2,False,2,2436,0.0011238
2,False,2,2437,0.0011375
2,False,2,2438,0.0011349
2,False,2,2439,0.0012066
2,False,2,2440,0.0018073
2,False,2,2441,0.0013425
2,False,2,2442,0.0015194
2,False,2,2443,0.0012247
2,False,2,2444,0.0012783
2,False,2,2445,0.001173
2,False,2,2446,0.0012227
2,False,2,2447,0.0013256
2,False,2,2448,0.0012411
2,False,2,2449,0.0013233
2,False,2,2450,0.0014756
2,False,2,2451,0.0012189
2,False,2,2452,0.0012789
2,False,2,2453,0.0012821
2,False,2,2454,0.0025033
2,False,2,2455,0.0039551
2,False,2,2456,0.001106
2,False,2,2457,0.007338
2,False,2,2458,0.0121248
2,False,2,2459,0.0072633
2,False,2,2460,0.0077379
2,False,2,2461,0.0069494
2,False,2,2462,0.006614
2,False,2,2463,0.0007476
2,False,2,2464,0.0106542
2,False,2,2465,0.0115799
2,False,2,2466,0.0048156
2,False,2,2467,0.0207981
2,False,2,2468,0.02645
2,False,2,2469,0.0051705
2,False,2,2470,0.0027194
2,False,2,2471,0.0111781
2,False,2,2472,0.0048789
2,False,2,2473,0.0102828
2,False,2,2474,0.0077754
2,False,2,2475,0.0129349
2,False,2,2476,0.0163661
2,False,2,2477,0.0086503
2,False,2,2478,0.0164237
2,False,2,2479,0.0063348
2,False,2,2480,0.017166
2,False,2,2481,0.0071039
2,False,2,2482,0.0208447
2,False,2,2483,0.0073783
2,False,2,2484,0.0193183
2,False,2,2485,0.0076278
2,False,2,2486,0.0235141
2,False,2,2487,0.0085498
2,False,2,2488,0.0243599
2,False,2,2489,0.009766
2,False,2,2490,0.0221646
2,False,2,2491,0.0116083
2,False,2,2492,0.0230581
2,False,2,2493,0.0088317
2,False,2,2494,0.0240499
2,False,2,2495,0.009955
2,False,2,2496,0.0281742
2,False,2,2497,0.0106896
2,False,2,2498,0.0319432
2,False,2,2499,0.0104527
2,False,2,2500,0.0154821
2,False,2,2501,0.0198117
2,False,2,2502,0.0167559
2,False,2,2503,0.0175623
2,False,2,2504,0.009299
2,False,2,2505,0.0208121
2,False,2,2506,0.0154346
2,False,2,2507,0.0114919
2,False,2,2508,0.0817934
2,False,2,2509,0.0775987
2,False,2,2510,0.336279
2,False,2,2511,0.743208
2,False,2,2512,0.436371
2,False,2,2513,0.257116
2,False,2,2514,0.352481
2,False,2,2515,0.331269
2,False,2,2516,0.507281
2,False,2,2517,12.2024
2,False,2,2518,4.96536
2,False,2,2519,3.76709
2,False,2,2520,2.96698
2,False,2,2521,2.81541
2,False,2,2522,3.1239
2,False,2,2523,2.9586
2,False,2,2524,3.28809
2,False,2,2525,3.07297
2,False,2,2526,3.42395
2,False,2,2527,3.23498
2,False,2,2528,3.57752
2,False,2,2529,3.36834
2,False,2,2530,3.72554
2,False,2,2531,3.50883
2,False,2,2532,3.93666
2,False,2,2533,3.61911
2,False,2,2534,3.98203
2,False,2,2535,3.71322
2,False,2,2536,4.1221
2,False,2,2537,3.96973
2,False,2,2538,4.26742
2,False,2,2539,4.02058
2,False,2,2540,4.53172
2,False,2,2541,1.50743
2,False,2,2542,0.0011324
2,False,2,2543,0.0003394
2,False,2,2544,0.0001268
2,False,2,2545,0.0002017
2,False,2,2546,0.0004106
2,False,2,2547,0.0027929
2,False,2,2548,0.0043602
2,False,2,2549,0.0024569
2,False,2,2550,0.0116039
2,False,2,2551,0.0139437
2,False,2,2552,0.0108497
2,False,2,2553,0.011324
2,False,2,2554,0.013016
2,False,2,2555,0.0120116
2,False,2,2556,0.012906
2,False,2,2557,0.013943
2,False,2,2558,0.0128785
2,False,2,2559,0.0142368
2,False,2,2560,0.0143449
2,False,2,2561,0.0142881
2,False,2,2562,0.0137839
2,False,2,2563,0.0178594
2,False,2,2564,0.0143197
2,False,2,2565,0.0156432
2,False,2,2566,0.0168074
2,False,2,2567,0.0174216
2,False,2,2568,0.015716
2,False,2,2569,0.0168698
2,False,2,2570,0.0159545
2,False,2,2571,0.0171982
2,False,2,2572,0.0171604
2,False,2,2573,0.0215952
2,False,2,2574,0.0252705
2,False,2,2575,0.0001606
